seed,layers,sweeps,preconditioner_family,name,penalty,presolve,event_idx,time_sec,orig_obj,running_best_orig_obj
0,,100,classical,baseline,,True,0,0.000172,216.86669539,216.86669539
0,,100,classical,baseline,,True,1,0.041665,209.92844421,209.92844421
0,,100,classical,baseline,,True,2,0.043824,176.91274938,176.91274938
0,,100,classical,baseline,,True,3,29.531618,176.91274938,176.91274938
0,,100,classical,precond_pen=0.000,0.0,True,0,8.2e-05,216.86669539,216.86669539
0,,100,classical,precond_pen=0.200,0.2,True,0,0.0001,216.86669539,216.86669539
0,,100,classical,precond_pen=0.400,0.4,True,0,5.9e-05,216.86669539,216.86669539
0,,100,classical,precond_pen=0.600,0.6,True,0,5.8e-05,216.86669539,216.86669539
0,,100,classical,precond_pen=0.800,0.8,True,0,0.000131,216.86669539,216.86669539
0,,100,classical,precond_pen=1.000,1.0,True,0,0.000101,216.86669539,216.86669539
1,,100,classical,baseline,,True,0,7.4e-05,189.51579027,189.51579027
1,,100,classical,baseline,,True,1,0.01177,188.53795766,188.53795766
1,,100,classical,baseline,,True,2,0.012622,165.80522431,165.80522431
1,,100,classical,baseline,,True,3,0.241198,165.52263042,165.52263042
1,,100,classical,baseline,,True,4,1.870461,164.34075451,164.34075451
1,,100,classical,baseline,,True,5,58.319897,164.34075451,164.34075451
1,,100,classical,precond_pen=0.000,0.0,True,0,9.7e-05,189.51579027,189.51579027
1,,100,classical,precond_pen=0.200,0.2,True,0,7.2e-05,189.51579027,189.51579027
1,,100,classical,precond_pen=0.400,0.4,True,0,6.3e-05,189.51579027,189.51579027
1,,100,classical,precond_pen=0.600,0.6,True,0,6.3e-05,189.51579027,189.51579027
1,,100,classical,precond_pen=0.800,0.8,True,0,6.9e-05,189.51579027,189.51579027
1,,100,classical,precond_pen=1.000,1.0,True,0,7.3e-05,189.51579027,189.51579027
2,,100,classical,baseline,,True,0,5.7e-05,184.10834611,184.10834611
2,,100,classical,baseline,,True,1,0.021093,171.96795728,171.96795728
2,,100,classical,baseline,,True,2,1.952926,170.29763629,170.29763629
2,,100,classical,baseline,,True,3,2.051632,169.72247134,169.72247134
2,,100,classical,baseline,,True,4,2.241463,169.27765822,169.27765822
2,,100,classical,baseline,,True,5,2.423728,167.09417827,167.09417827
2,,100,classical,baseline,,True,6,2.8025,165.84205169,165.84205169
2,,100,classical,baseline,,True,7,2.803143,165.7982707,165.7982707
2,,100,classical,baseline,,True,8,22.075841,165.7982707,165.7982707
2,,100,classical,precond_pen=0.000,0.0,True,0,0.000186,184.10834611,184.10834611
2,,100,classical,precond_pen=0.200,0.2,True,0,5.6e-05,184.10834611,184.10834611
2,,100,classical,precond_pen=0.400,0.4,True,0,6.1e-05,184.10834611,184.10834611
2,,100,classical,precond_pen=0.600,0.6,True,0,7.2e-05,184.10834611,184.10834611
2,,100,classical,precond_pen=0.800,0.8,True,0,6.2e-05,184.10834611,184.10834611
2,,100,classical,precond_pen=1.000,1.0,True,0,5.7e-05,184.10834611,184.10834611
3,,100,classical,baseline,,True,0,8.7e-05,208.90331006,208.90331006
3,,100,classical,baseline,,True,1,0.01675,206.02055069,206.02055069
3,,100,classical,baseline,,True,2,0.018659,205.33460673,205.33460673
3,,100,classical,baseline,,True,3,0.021423,173.43890441,173.43890441
3,,100,classical,baseline,,True,4,0.340417,169.8500759,169.8500759
3,,100,classical,baseline,,True,5,37.851989,169.8500759,169.8500759
3,,100,classical,precond_pen=0.000,0.0,True,0,9.1e-05,208.90331006,208.90331006
3,,100,classical,precond_pen=0.200,0.2,True,0,5.8e-05,208.90331006,208.90331006
3,,100,classical,precond_pen=0.400,0.4,True,0,5.5e-05,208.90331006,208.90331006
3,,100,classical,precond_pen=0.600,0.6,True,0,6.9e-05,208.90331006,208.90331006
3,,100,classical,precond_pen=0.800,0.8,True,0,7e-05,208.90331006,208.90331006
3,,100,classical,precond_pen=1.000,1.0,True,0,5.8e-05,208.90331006,208.90331006
4,,100,classical,baseline,,True,0,0.000122,209.69549112,209.69549112
4,,100,classical,baseline,,True,1,0.01897,186.34332473,186.34332473
4,,100,classical,baseline,,True,2,16.387524,185.7047525,185.7047525
4,,100,classical,baseline,,True,3,37.952115,185.7047525,185.7047525
4,,100,classical,precond_pen=0.000,0.0,True,0,0.000113,209.69549112,209.69549112
4,,100,classical,precond_pen=0.200,0.2,True,0,0.000139,209.69549112,209.69549112
4,,100,classical,precond_pen=0.400,0.4,True,0,0.000157,209.69549112,209.69549112
4,,100,classical,precond_pen=0.600,0.6,True,0,0.000113,209.69549112,209.69549112
4,,100,classical,precond_pen=0.800,0.8,True,0,7.5e-05,209.69549112,209.69549112
4,,100,classical,precond_pen=1.000,1.0,True,0,6.3e-05,209.69549112,209.69549112
5,,100,classical,baseline,,True,0,0.000129,189.25660748,189.25660748
5,,100,classical,baseline,,True,1,0.031944,183.62878661,183.62878661
5,,100,classical,baseline,,True,2,0.034741,183.04698791,183.04698791
5,,100,classical,baseline,,True,3,0.038556,165.42289692,165.42289692
5,,100,classical,baseline,,True,4,8.119783,165.26725378,165.26725378
5,,100,classical,baseline,,True,5,9.974577,164.71087394,164.71087394
5,,100,classical,baseline,,True,6,9.974953,164.30043544,164.30043544
5,,100,classical,baseline,,True,7,9.975239,163.04411848,163.04411848
5,,100,classical,baseline,,True,8,37.388272,163.04411848,163.04411848
5,,100,classical,precond_pen=0.000,0.0,True,0,9.1e-05,189.25660748,189.25660748
5,,100,classical,precond_pen=0.200,0.2,True,0,6.2e-05,189.25660748,189.25660748
5,,100,classical,precond_pen=0.400,0.4,True,0,5.5e-05,189.25660748,189.25660748
5,,100,classical,precond_pen=0.600,0.6,True,0,5.9e-05,189.25660748,189.25660748
5,,100,classical,precond_pen=0.800,0.8,True,0,5.6e-05,189.25660748,189.25660748
5,,100,classical,precond_pen=1.000,1.0,True,0,5.5e-05,189.25660748,189.25660748
6,,100,classical,baseline,,True,0,5.5e-05,209.5918113,209.5918113
6,,100,classical,baseline,,True,1,0.02727,204.78281239,204.78281239
6,,100,classical,baseline,,True,2,0.032616,202.03245163,202.03245163
6,,100,classical,baseline,,True,3,0.035829,200.8238576,200.8238576
6,,100,classical,baseline,,True,4,0.038494,171.28420631,171.28420631
6,,100,classical,baseline,,True,5,26.112732,171.28420631,171.28420631
6,,100,classical,precond_pen=0.000,0.0,True,0,7.6e-05,209.5918113,209.5918113
6,,100,classical,precond_pen=0.200,0.2,True,0,7.6e-05,209.5918113,209.5918113
6,,100,classical,precond_pen=0.400,0.4,True,0,6e-05,209.5918113,209.5918113
6,,100,classical,precond_pen=0.600,0.6,True,0,5.4e-05,209.5918113,209.5918113
6,,100,classical,precond_pen=0.800,0.8,True,0,8.2e-05,209.5918113,209.5918113
6,,100,classical,precond_pen=1.000,1.0,True,0,5.7e-05,209.5918113,209.5918113
7,,100,classical,baseline,,True,0,9.7e-05,195.7544466,195.7544466
7,,100,classical,baseline,,True,1,0.039107,167.76067416,167.76067416
7,,100,classical,baseline,,True,2,33.909369,167.76067416,167.76067416
7,,100,classical,precond_pen=0.000,0.0,True,0,9.1e-05,195.7544466,195.7544466
7,,100,classical,precond_pen=0.200,0.2,True,0,5.5e-05,195.7544466,195.7544466
7,,100,classical,precond_pen=0.400,0.4,True,0,5.7e-05,195.7544466,195.7544466
7,,100,classical,precond_pen=0.600,0.6,True,0,9.6e-05,195.7544466,195.7544466
7,,100,classical,precond_pen=0.800,0.8,True,0,5.9e-05,195.7544466,195.7544466
7,,100,classical,precond_pen=1.000,1.0,True,0,5.8e-05,195.7544466,195.7544466
8,,100,classical,baseline,,True,0,7.8e-05,191.12426956,191.12426956
8,,100,classical,baseline,,True,1,0.026835,162.44650092,162.44650092
8,,100,classical,baseline,,True,2,27.935963,162.44650092,162.44650092
8,,100,classical,precond_pen=0.000,0.0,True,0,9.3e-05,191.12426956,191.12426956
8,,100,classical,precond_pen=0.200,0.2,True,0,5.6e-05,191.12426956,191.12426956
8,,100,classical,precond_pen=0.400,0.4,True,0,5.6e-05,191.12426956,191.12426956
8,,100,classical,precond_pen=0.600,0.6,True,0,9.3e-05,191.12426956,191.12426956
8,,100,classical,precond_pen=0.800,0.8,True,0,5.6e-05,191.12426956,191.12426956
8,,100,classical,precond_pen=1.000,1.0,True,0,5.6e-05,191.12426956,191.12426956
9,,100,classical,baseline,,True,0,8e-05,207.38060405,207.38060405
9,,100,classical,baseline,,True,1,0.016,203.81053654,203.81053654
9,,100,classical,baseline,,True,2,0.020514,174.57766661,174.57766661
9,,100,classical,baseline,,True,3,0.300691,173.91362634,173.91362634
9,,100,classical,baseline,,True,4,47.570581,173.91362634,173.91362634
9,,100,classical,precond_pen=0.000,0.0,True,0,0.000147,207.38060405,207.38060405
9,,100,classical,precond_pen=0.200,0.2,True,0,0.00012,207.38060405,207.38060405
9,,100,classical,precond_pen=0.400,0.4,True,0,5.8e-05,207.38060405,207.38060405
9,,100,classical,precond_pen=0.600,0.6,True,0,6.9e-05,207.38060405,207.38060405
9,,100,classical,precond_pen=0.800,0.8,True,0,0.000202,207.38060405,207.38060405
9,,100,classical,precond_pen=1.000,1.0,True,0,5.8e-05,207.38060405,207.38060405
10,,100,classical,baseline,,True,0,5.6e-05,194.61342848,194.61342848
10,,100,classical,baseline,,True,1,0.017177,172.83074037,172.83074037
10,,100,classical,baseline,,True,2,1.534427,170.67835672,170.67835672
10,,100,classical,baseline,,True,3,1.713439,170.36718542,170.36718542
10,,100,classical,baseline,,True,4,1.811815,167.41336224,167.41336224
10,,100,classical,baseline,,True,5,30.883986,167.41336224,167.41336224
10,,100,classical,precond_pen=0.000,0.0,True,0,0.0001,194.61342848,194.61342848
10,,100,classical,precond_pen=0.200,0.2,True,0,5.4e-05,194.61342848,194.61342848
10,,100,classical,precond_pen=0.400,0.4,True,0,7.5e-05,194.61342848,194.61342848
10,,100,classical,precond_pen=0.600,0.6,True,0,6.7e-05,194.61342848,194.61342848
10,,100,classical,precond_pen=0.800,0.8,True,0,0.000117,194.61342848,194.61342848
10,,100,classical,precond_pen=1.000,1.0,True,0,8e-05,194.61342848,194.61342848
11,,100,classical,baseline,,True,0,8.3e-05,194.75035761,194.75035761
11,,100,classical,baseline,,True,1,0.024951,184.05236428,184.05236428
11,,100,classical,baseline,,True,2,0.027822,183.01489391,183.01489391
11,,100,classical,baseline,,True,3,0.032497,157.33857807,157.33857807
11,,100,classical,baseline,,True,4,0.268016,154.56207709,154.56207709
11,,100,classical,baseline,,True,5,29.866368,154.56207709,154.56207709
11,,100,classical,precond_pen=0.000,0.0,True,0,9.4e-05,194.75035761,194.75035761
11,,100,classical,precond_pen=0.200,0.2,True,0,8.6e-05,194.75035761,194.75035761
11,,100,classical,precond_pen=0.400,0.4,True,0,5.5e-05,194.75035761,194.75035761
11,,100,classical,precond_pen=0.600,0.6,True,0,5.7e-05,194.75035761,194.75035761
11,,100,classical,precond_pen=0.800,0.8,True,0,5.6e-05,194.75035761,194.75035761
11,,100,classical,precond_pen=1.000,1.0,True,0,8.5e-05,194.75035761,194.75035761
12,,100,classical,baseline,,True,0,5.5e-05,204.11547024,204.11547024
12,,100,classical,baseline,,True,1,0.008931,198.82487988,198.82487988
12,,100,classical,baseline,,True,2,0.010015,197.47394281,197.47394281
12,,100,classical,baseline,,True,3,0.01068,196.84498982,196.84498982
12,,100,classical,baseline,,True,4,0.011514,175.41798108,175.41798108
12,,100,classical,baseline,,True,5,1.70222,175.36098267,175.36098267
12,,100,classical,baseline,,True,6,1.921536,173.51436748,173.51436748
12,,100,classical,baseline,,True,7,2.63999,171.55721593,171.55721593
12,,100,classical,baseline,,True,8,45.125206,171.55721593,171.55721593
12,,100,classical,precond_pen=0.000,0.0,True,0,9.3e-05,204.11547024,204.11547024
12,,100,classical,precond_pen=0.200,0.2,True,0,6.5e-05,204.11547024,204.11547024
12,,100,classical,precond_pen=0.400,0.4,True,0,7.2e-05,204.11547024,204.11547024
12,,100,classical,precond_pen=0.600,0.6,True,0,7.1e-05,204.11547024,204.11547024
12,,100,classical,precond_pen=0.800,0.8,True,0,0.000122,204.11547024,204.11547024
12,,100,classical,precond_pen=1.000,1.0,True,0,0.00014,204.11547024,204.11547024
13,,100,classical,baseline,,True,0,0.00011,199.60134542,199.60134542
13,,100,classical,baseline,,True,1,0.019415,197.61914632,197.61914632
13,,100,classical,baseline,,True,2,0.021425,195.40356133,195.40356133
13,,100,classical,baseline,,True,3,0.023798,166.35969307,166.35969307
13,,100,classical,baseline,,True,4,0.304576,165.52632659,165.52632659
13,,100,classical,baseline,,True,5,21.54719,165.52632659,165.52632659
13,,100,classical,precond_pen=0.000,0.0,True,0,8.6e-05,199.60134542,199.60134542
13,,100,classical,precond_pen=0.200,0.2,True,0,0.000108,199.60134542,199.60134542
13,,100,classical,precond_pen=0.400,0.4,True,0,5.7e-05,199.60134542,199.60134542
13,,100,classical,precond_pen=0.600,0.6,True,0,7e-05,199.60134542,199.60134542
13,,100,classical,precond_pen=0.800,0.8,True,0,6e-05,199.60134542,199.60134542
13,,100,classical,precond_pen=1.000,1.0,True,0,8.2e-05,199.60134542,199.60134542
14,,100,classical,baseline,,True,0,0.000149,191.56628962,191.56628962
14,,100,classical,baseline,,True,1,0.014987,186.57841408,186.57841408
14,,100,classical,baseline,,True,2,0.020803,169.94244263,169.94244263
14,,100,classical,baseline,,True,3,42.053856,169.94244263,169.94244263
14,,100,classical,precond_pen=0.000,0.0,True,0,9.1e-05,191.56628962,191.56628962
14,,100,classical,precond_pen=0.200,0.2,True,0,0.000124,191.56628962,191.56628962
14,,100,classical,precond_pen=0.400,0.4,True,0,6.2e-05,191.56628962,191.56628962
14,,100,classical,precond_pen=0.600,0.6,True,0,6.9e-05,191.56628962,191.56628962
14,,100,classical,precond_pen=0.800,0.8,True,0,5.8e-05,191.56628962,191.56628962
14,,100,classical,precond_pen=1.000,1.0,True,0,5.6e-05,191.56628962,191.56628962
15,,100,classical,baseline,,True,0,8.1e-05,209.20319871,209.20319871
15,,100,classical,baseline,,True,1,0.013886,204.34523745,204.34523745
15,,100,classical,baseline,,True,2,0.017671,203.46499231,203.46499231
15,,100,classical,baseline,,True,3,0.019291,201.95110723,201.95110723
15,,100,classical,baseline,,True,4,0.020632,178.26896986,178.26896986
15,,100,classical,baseline,,True,5,0.28723,176.34991418,176.34991418
15,,100,classical,baseline,,True,6,37.249985,176.34991418,176.34991418
15,,100,classical,precond_pen=0.000,0.0,True,0,5.6e-05,209.20319871,209.20319871
15,,100,classical,precond_pen=0.200,0.2,True,0,5.5e-05,209.20319871,209.20319871
15,,100,classical,precond_pen=0.400,0.4,True,0,7.8e-05,209.20319871,209.20319871
15,,100,classical,precond_pen=0.600,0.6,True,0,0.000136,209.20319871,209.20319871
15,,100,classical,precond_pen=0.800,0.8,True,0,5.8e-05,209.20319871,209.20319871
15,,100,classical,precond_pen=1.000,1.0,True,0,7.5e-05,209.20319871,209.20319871
16,,100,classical,baseline,,True,0,6.9e-05,192.74573651,192.74573651
16,,100,classical,baseline,,True,1,0.014344,186.32393327,186.32393327
16,,100,classical,baseline,,True,2,0.019455,174.28788991,174.28788991
16,,100,classical,baseline,,True,3,0.319642,169.04097631,169.04097631
16,,100,classical,baseline,,True,4,23.31765,169.04097631,169.04097631
16,,100,classical,precond_pen=0.000,0.0,True,0,0.000129,192.74573651,192.74573651
16,,100,classical,precond_pen=0.200,0.2,True,0,6.3e-05,192.74573651,192.74573651
16,,100,classical,precond_pen=0.400,0.4,True,0,6.2e-05,192.74573651,192.74573651
16,,100,classical,precond_pen=0.600,0.6,True,0,6e-05,192.74573651,192.74573651
16,,100,classical,precond_pen=0.800,0.8,True,0,5.9e-05,192.74573651,192.74573651
16,,100,classical,precond_pen=1.000,1.0,True,0,5.6e-05,192.74573651,192.74573651
17,,100,classical,baseline,,True,0,7.2e-05,194.19487254,194.19487254
17,,100,classical,baseline,,True,1,0.020663,189.75640151,189.75640151
17,,100,classical,baseline,,True,2,0.026706,189.54941362,189.54941362
17,,100,classical,baseline,,True,3,0.029493,187.1072794,187.1072794
17,,100,classical,baseline,,True,4,0.032745,159.91831062,159.91831062
17,,100,classical,baseline,,True,5,37.57666,159.91831062,159.91831062
17,,100,classical,precond_pen=0.000,0.0,True,0,0.000143,194.19487254,194.19487254
17,,100,classical,precond_pen=0.200,0.2,True,0,6.7e-05,194.19487254,194.19487254
17,,100,classical,precond_pen=0.400,0.4,True,0,6.2e-05,194.19487254,194.19487254
17,,100,classical,precond_pen=0.600,0.6,True,0,5.9e-05,194.19487254,194.19487254
17,,100,classical,precond_pen=0.800,0.8,True,0,5.7e-05,194.19487254,194.19487254
17,,100,classical,precond_pen=1.000,1.0,True,0,0.000112,194.19487254,194.19487254
18,,100,classical,baseline,,True,0,6.1e-05,202.67107212,202.67107212
18,,100,classical,baseline,,True,1,0.017779,196.32879468,196.32879468
18,,100,classical,baseline,,True,2,0.02456,174.07488633,174.07488633
18,,100,classical,baseline,,True,3,0.273829,170.92622292,170.92622292
18,,100,classical,baseline,,True,4,2.196714,169.59759579,169.59759579
18,,100,classical,baseline,,True,5,45.357975,169.59759579,169.59759579
18,,100,classical,precond_pen=0.000,0.0,True,0,9.9e-05,202.67107212,202.67107212
18,,100,classical,precond_pen=0.200,0.2,True,0,0.000117,202.67107212,202.67107212
18,,100,classical,precond_pen=0.400,0.4,True,0,5.8e-05,202.67107212,202.67107212
18,,100,classical,precond_pen=0.600,0.6,True,0,0.000136,202.67107212,202.67107212
18,,100,classical,precond_pen=0.800,0.8,True,0,0.00011,202.67107212,202.67107212
18,,100,classical,precond_pen=1.000,1.0,True,0,0.000105,202.67107212,202.67107212
19,,100,classical,baseline,,True,0,5.6e-05,198.55570163,198.55570163
19,,100,classical,baseline,,True,1,0.018652,196.20848309,196.20848309
19,,100,classical,baseline,,True,2,0.020882,170.14023041,170.14023041
19,,100,classical,baseline,,True,3,4.878299,169.34188835,169.34188835
19,,100,classical,baseline,,True,4,10.714654,168.38646173,168.38646173
19,,100,classical,baseline,,True,5,10.716839,168.35103449,168.35103449
19,,100,classical,baseline,,True,6,11.38936,168.26630991,168.26630991
19,,100,classical,baseline,,True,7,12.745346,168.21711046,168.21711046
19,,100,classical,baseline,,True,8,17.345808,168.2109816,168.2109816
19,,100,classical,baseline,,True,9,17.988117,165.55548495,165.55548495
19,,100,classical,baseline,,True,10,27.193637,165.55548495,165.55548495
19,,100,classical,precond_pen=0.000,0.0,True,0,0.0001,198.55570163,198.55570163
19,,100,classical,precond_pen=0.200,0.2,True,0,6.6e-05,198.55570163,198.55570163
19,,100,classical,precond_pen=0.400,0.4,True,0,0.000129,198.55570163,198.55570163
19,,100,classical,precond_pen=0.600,0.6,True,0,6e-05,198.55570163,198.55570163
19,,100,classical,precond_pen=0.800,0.8,True,0,0.000146,198.55570163,198.55570163
19,,100,classical,precond_pen=1.000,1.0,True,0,6.8e-05,198.55570163,198.55570163
20,,100,classical,baseline,,True,0,9.2e-05,204.37596661,204.37596661
20,,100,classical,baseline,,True,1,0.012843,203.99217529,203.99217529
20,,100,classical,baseline,,True,2,0.013911,203.82593863,203.82593863
20,,100,classical,baseline,,True,3,0.016586,163.97192167,163.97192167
20,,100,classical,baseline,,True,4,31.782992,163.97192167,163.97192167
20,,100,classical,precond_pen=0.000,0.0,True,0,8.4e-05,204.37596661,204.37596661
20,,100,classical,precond_pen=0.200,0.2,True,0,8.5e-05,204.37596661,204.37596661
20,,100,classical,precond_pen=0.400,0.4,True,0,6.3e-05,204.37596661,204.37596661
20,,100,classical,precond_pen=0.600,0.6,True,0,5.6e-05,204.37596661,204.37596661
20,,100,classical,precond_pen=0.800,0.8,True,0,6.5e-05,204.37596661,204.37596661
20,,100,classical,precond_pen=1.000,1.0,True,0,5.8e-05,204.37596661,204.37596661
21,,100,classical,baseline,,True,0,8.2e-05,191.00193356,191.00193356
21,,100,classical,baseline,,True,1,0.017875,188.03076115,188.03076115
21,,100,classical,baseline,,True,2,0.025457,164.89426128,164.89426128
21,,100,classical,baseline,,True,3,30.348476,164.89426128,164.89426128
21,,100,classical,precond_pen=0.000,0.0,True,0,0.000135,191.00193356,191.00193356
21,,100,classical,precond_pen=0.200,0.2,True,0,6e-05,191.00193356,191.00193356
21,,100,classical,precond_pen=0.400,0.4,True,0,5.7e-05,191.00193356,191.00193356
21,,100,classical,precond_pen=0.600,0.6,True,0,6e-05,191.00193356,191.00193356
21,,100,classical,precond_pen=0.800,0.8,True,0,5.5e-05,191.00193356,191.00193356
21,,100,classical,precond_pen=1.000,1.0,True,0,5.5e-05,191.00193356,191.00193356
22,,100,classical,baseline,,True,0,0.000103,190.42904559,190.42904559
22,,100,classical,baseline,,True,1,0.041795,182.60792404,182.60792404
22,,100,classical,baseline,,True,2,0.045157,179.6417527,179.6417527
22,,100,classical,baseline,,True,3,0.048843,165.97202219,165.97202219
22,,100,classical,baseline,,True,4,0.273546,164.29344317,164.29344317
22,,100,classical,baseline,,True,5,74.219807,164.29344317,164.29344317
22,,100,classical,precond_pen=0.000,0.0,True,0,5.9e-05,190.42904559,190.42904559
22,,100,classical,precond_pen=0.200,0.2,True,0,6.8e-05,190.42904559,190.42904559
22,,100,classical,precond_pen=0.400,0.4,True,0,8.5e-05,190.42904559,190.42904559
22,,100,classical,precond_pen=0.600,0.6,True,0,6.4e-05,190.42904559,190.42904559
22,,100,classical,precond_pen=0.800,0.8,True,0,6e-05,190.42904559,190.42904559
22,,100,classical,precond_pen=1.000,1.0,True,0,8e-05,190.42904559,190.42904559
23,,100,classical,baseline,,True,0,9.8e-05,200.46559804,200.46559804
23,,100,classical,baseline,,True,1,0.022525,175.26224143,175.26224143
23,,100,classical,baseline,,True,2,0.309653,173.86364117,173.86364117
23,,100,classical,baseline,,True,3,39.649604,173.86364117,173.86364117
23,,100,classical,precond_pen=0.000,0.0,True,0,0.000109,200.46559804,200.46559804
23,,100,classical,precond_pen=0.200,0.2,True,0,5.8e-05,200.46559804,200.46559804
23,,100,classical,precond_pen=0.400,0.4,True,0,8e-05,200.46559804,200.46559804
23,,100,classical,precond_pen=0.600,0.6,True,0,9.3e-05,200.46559804,200.46559804
23,,100,classical,precond_pen=0.800,0.8,True,0,0.000112,200.46559804,200.46559804
23,,100,classical,precond_pen=1.000,1.0,True,0,8.6e-05,200.46559804,200.46559804
24,,100,classical,baseline,,True,0,0.000119,192.24887735,192.24887735
24,,100,classical,baseline,,True,1,0.020505,186.38488788,186.38488788
24,,100,classical,baseline,,True,2,0.024789,182.68108867,182.68108867
24,,100,classical,baseline,,True,3,0.027688,161.80027797,161.80027797
24,,100,classical,baseline,,True,4,31.598478,161.80027797,161.80027797
24,,100,classical,precond_pen=0.000,0.0,True,0,5.8e-05,192.24887735,192.24887735
24,,100,classical,precond_pen=0.200,0.2,True,0,5.5e-05,192.24887735,192.24887735
24,,100,classical,precond_pen=0.400,0.4,True,0,5.8e-05,192.24887735,192.24887735
24,,100,classical,precond_pen=0.600,0.6,True,0,0.000175,192.24887735,192.24887735
24,,100,classical,precond_pen=0.800,0.8,True,0,5.7e-05,192.24887735,192.24887735
24,,100,classical,precond_pen=1.000,1.0,True,0,5.7e-05,192.24887735,192.24887735
25,,100,classical,baseline,,True,0,0.000151,208.94677369,208.94677369
25,,100,classical,baseline,,True,1,0.031187,203.48986253,203.48986253
25,,100,classical,baseline,,True,2,0.035477,202.53155427,202.53155427
25,,100,classical,baseline,,True,3,0.037794,199.72982034,199.72982034
25,,100,classical,baseline,,True,4,0.041308,174.06175571,174.06175571
25,,100,classical,baseline,,True,5,36.256588,174.06175571,174.06175571
25,,100,classical,precond_pen=0.000,0.0,True,0,7.3e-05,208.94677369,208.94677369
25,,100,classical,precond_pen=0.200,0.2,True,0,8.5e-05,208.94677369,208.94677369
25,,100,classical,precond_pen=0.400,0.4,True,0,6.7e-05,208.94677369,208.94677369
25,,100,classical,precond_pen=0.600,0.6,True,0,6e-05,208.94677369,208.94677369
25,,100,classical,precond_pen=0.800,0.8,True,0,5.6e-05,208.94677369,208.94677369
25,,100,classical,precond_pen=1.000,1.0,True,0,5.5e-05,208.94677369,208.94677369
26,,100,classical,baseline,,True,0,0.000119,198.22858224,198.22858224
26,,100,classical,baseline,,True,1,0.031519,176.07267351,176.07267351
26,,100,classical,baseline,,True,2,51.968807,176.07267351,176.07267351
26,,100,classical,precond_pen=0.000,0.0,True,0,9.3e-05,198.22858224,198.22858224
26,,100,classical,precond_pen=0.200,0.2,True,0,5.9e-05,198.22858224,198.22858224
26,,100,classical,precond_pen=0.400,0.4,True,0,5.8e-05,198.22858224,198.22858224
26,,100,classical,precond_pen=0.600,0.6,True,0,0.000101,198.22858224,198.22858224
26,,100,classical,precond_pen=0.800,0.8,True,0,0.000212,198.22858224,198.22858224
26,,100,classical,precond_pen=1.000,1.0,True,0,9.4e-05,198.22858224,198.22858224
27,,100,classical,baseline,,True,0,8.6e-05,207.72741462,207.72741462
27,,100,classical,baseline,,True,1,0.02199,198.49154657,198.49154657
27,,100,classical,baseline,,True,2,0.02358,177.85045641,177.85045641
27,,100,classical,baseline,,True,3,49.143248,177.85045641,177.85045641
27,,100,classical,precond_pen=0.000,0.0,True,0,0.000135,207.72741462,207.72741462
27,,100,classical,precond_pen=0.200,0.2,True,0,5.9e-05,207.72741462,207.72741462
27,,100,classical,precond_pen=0.400,0.4,True,0,6.4e-05,207.72741462,207.72741462
27,,100,classical,precond_pen=0.600,0.6,True,0,6.7e-05,207.72741462,207.72741462
27,,100,classical,precond_pen=0.800,0.8,True,0,6.5e-05,207.72741462,207.72741462
27,,100,classical,precond_pen=1.000,1.0,True,0,5.9e-05,207.72741462,207.72741462
28,,100,classical,baseline,,True,0,5.8e-05,207.32000238,207.32000238
28,,100,classical,baseline,,True,1,0.030926,187.13710859,187.13710859
28,,100,classical,baseline,,True,2,46.051977,187.13710859,187.13710859
28,,100,classical,precond_pen=0.000,0.0,True,0,6e-05,207.32000238,207.32000238
28,,100,classical,precond_pen=0.200,0.2,True,0,0.00015,207.32000238,207.32000238
28,,100,classical,precond_pen=0.400,0.4,True,0,9.7e-05,207.32000238,207.32000238
28,,100,classical,precond_pen=0.600,0.6,True,0,6.2e-05,207.32000238,207.32000238
28,,100,classical,precond_pen=0.800,0.8,True,0,0.000109,207.32000238,207.32000238
28,,100,classical,precond_pen=1.000,1.0,True,0,8.8e-05,207.32000238,207.32000238
29,,100,classical,baseline,,True,0,6.2e-05,195.46678777,195.46678777
29,,100,classical,baseline,,True,1,0.014852,194.12064767,194.12064767
29,,100,classical,baseline,,True,2,0.017246,191.33879658,191.33879658
29,,100,classical,baseline,,True,3,0.020265,169.60871974,169.60871974
29,,100,classical,baseline,,True,4,16.595007,168.62712227,168.62712227
29,,100,classical,baseline,,True,5,34.679115,168.62712227,168.62712227
29,,100,classical,precond_pen=0.000,0.0,True,0,7e-05,195.46678777,195.46678777
29,,100,classical,precond_pen=0.200,0.2,True,0,7.2e-05,195.46678777,195.46678777
29,,100,classical,precond_pen=0.400,0.4,True,0,9.3e-05,195.46678777,195.46678777
29,,100,classical,precond_pen=0.600,0.6,True,0,6.2e-05,195.46678777,195.46678777
29,,100,classical,precond_pen=0.800,0.8,True,0,5.7e-05,195.46678777,195.46678777
29,,100,classical,precond_pen=1.000,1.0,True,0,7.5e-05,195.46678777,195.46678777
30,,100,classical,baseline,,True,0,8.8e-05,200.02265707,200.02265707
30,,100,classical,baseline,,True,1,0.01566,196.5056399,196.5056399
30,,100,classical,baseline,,True,2,0.022848,169.96933773,169.96933773
30,,100,classical,baseline,,True,3,0.256172,168.62128017,168.62128017
30,,100,classical,baseline,,True,4,33.154842,168.62128017,168.62128017
30,,100,classical,precond_pen=0.000,0.0,True,0,7.1e-05,200.02265707,200.02265707
30,,100,classical,precond_pen=0.200,0.2,True,0,7.5e-05,200.02265707,200.02265707
30,,100,classical,precond_pen=0.400,0.4,True,0,5.9e-05,200.02265707,200.02265707
30,,100,classical,precond_pen=0.600,0.6,True,0,6.2e-05,200.02265707,200.02265707
30,,100,classical,precond_pen=0.800,0.8,True,0,6.1e-05,200.02265707,200.02265707
30,,100,classical,precond_pen=1.000,1.0,True,0,7e-05,200.02265707,200.02265707
31,,100,classical,baseline,,True,0,0.000106,205.5701103,205.5701103
31,,100,classical,baseline,,True,1,0.034664,200.59297928,200.59297928
31,,100,classical,baseline,,True,2,0.037523,193.67412566,193.67412566
31,,100,classical,baseline,,True,3,0.050186,171.74966457,171.74966457
31,,100,classical,baseline,,True,4,0.355843,169.87942357,169.87942357
31,,100,classical,baseline,,True,5,15.852717,169.80866215,169.80866215
31,,100,classical,baseline,,True,6,30.4891,169.80866215,169.80866215
31,,100,classical,precond_pen=0.000,0.0,True,0,8e-05,205.5701103,205.5701103
31,,100,classical,precond_pen=0.200,0.2,True,0,6.1e-05,205.5701103,205.5701103
31,,100,classical,precond_pen=0.400,0.4,True,0,6.2e-05,205.5701103,205.5701103
31,,100,classical,precond_pen=0.600,0.6,True,0,7.5e-05,205.5701103,205.5701103
31,,100,classical,precond_pen=0.800,0.8,True,0,0.000158,205.5701103,205.5701103
31,,100,classical,precond_pen=1.000,1.0,True,0,6.4e-05,205.5701103,205.5701103
32,,100,classical,baseline,,True,0,9.9e-05,180.24853285,180.24853285
32,,100,classical,baseline,,True,1,0.023246,179.89685364,179.89685364
32,,100,classical,baseline,,True,2,0.023981,157.21731769,157.21731769
32,,100,classical,precond_pen=0.000,0.0,True,0,9.5e-05,180.24853285,180.24853285
32,,100,classical,precond_pen=0.200,0.2,True,0,6.9e-05,180.24853285,180.24853285
32,,100,classical,precond_pen=0.400,0.4,True,0,0.000134,180.24853285,180.24853285
32,,100,classical,precond_pen=0.600,0.6,True,0,0.000176,180.24853285,180.24853285
32,,100,classical,precond_pen=0.800,0.8,True,0,5.9e-05,180.24853285,180.24853285
32,,100,classical,precond_pen=1.000,1.0,True,0,7.7e-05,180.24853285,180.24853285
33,,100,classical,baseline,,True,0,7.7e-05,190.25956597,190.25956597
33,,100,classical,baseline,,True,1,0.011402,185.68469867,185.68469867
33,,100,classical,baseline,,True,2,0.015046,160.26302426,160.26302426
33,,100,classical,baseline,,True,3,31.952721,160.26302426,160.26302426
33,,100,classical,precond_pen=0.000,0.0,True,0,7.1e-05,190.25956597,190.25956597
33,,100,classical,precond_pen=0.200,0.2,True,0,8.2e-05,190.25956597,190.25956597
33,,100,classical,precond_pen=0.400,0.4,True,0,5.9e-05,190.25956597,190.25956597
33,,100,classical,precond_pen=0.600,0.6,True,0,0.000125,190.25956597,190.25956597
33,,100,classical,precond_pen=0.800,0.8,True,0,7.3e-05,190.25956597,190.25956597
33,,100,classical,precond_pen=1.000,1.0,True,0,5.7e-05,190.25956597,190.25956597
34,,100,classical,baseline,,True,0,0.000123,191.78740851,191.78740851
34,,100,classical,baseline,,True,1,0.017883,189.23563495,189.23563495
34,,100,classical,baseline,,True,2,0.023185,178.32108276,178.32108276
34,,100,classical,baseline,,True,3,0.306418,171.69635225,171.69635225
34,,100,classical,baseline,,True,4,30.411056,171.69635225,171.69635225
34,,100,classical,precond_pen=0.000,0.0,True,0,8.2e-05,191.78740851,191.78740851
34,,100,classical,precond_pen=0.200,0.2,True,0,5.8e-05,191.78740851,191.78740851
34,,100,classical,precond_pen=0.400,0.4,True,0,8e-05,191.78740851,191.78740851
34,,100,classical,precond_pen=0.600,0.6,True,0,5.8e-05,191.78740851,191.78740851
34,,100,classical,precond_pen=0.800,0.8,True,0,5.7e-05,191.78740851,191.78740851
34,,100,classical,precond_pen=1.000,1.0,True,0,5.9e-05,191.78740851,191.78740851
35,,100,classical,baseline,,True,0,0.00013,189.53822007,189.53822007
35,,100,classical,baseline,,True,1,0.026152,165.89615529,165.89615529
35,,100,classical,baseline,,True,2,0.311232,161.41107053,161.41107053
35,,100,classical,baseline,,True,3,25.801472,161.41107053,161.41107053
35,,100,classical,precond_pen=0.000,0.0,True,0,6e-05,189.53822007,189.53822007
35,,100,classical,precond_pen=0.200,0.2,True,0,6.4e-05,189.53822007,189.53822007
35,,100,classical,precond_pen=0.400,0.4,True,0,6.5e-05,189.53822007,189.53822007
35,,100,classical,precond_pen=0.600,0.6,True,0,5.4e-05,189.53822007,189.53822007
35,,100,classical,precond_pen=0.800,0.8,True,0,0.000114,189.53822007,189.53822007
35,,100,classical,precond_pen=1.000,1.0,True,0,5.6e-05,189.53822007,189.53822007
36,,100,classical,baseline,,True,0,0.000122,187.26178082,187.26178082
36,,100,classical,baseline,,True,1,0.026774,161.33072624,161.33072624
36,,100,classical,baseline,,True,2,31.963197,161.33072624,161.33072624
36,,100,classical,precond_pen=0.000,0.0,True,0,0.000121,187.26178082,187.26178082
36,,100,classical,precond_pen=0.200,0.2,True,0,0.000118,187.26178082,187.26178082
36,,100,classical,precond_pen=0.400,0.4,True,0,5.8e-05,187.26178082,187.26178082
36,,100,classical,precond_pen=0.600,0.6,True,0,7.3e-05,187.26178082,187.26178082
36,,100,classical,precond_pen=0.800,0.8,True,0,0.000164,187.26178082,187.26178082
36,,100,classical,precond_pen=1.000,1.0,True,0,6.3e-05,187.26178082,187.26178082
37,,100,classical,baseline,,True,0,9.7e-05,186.82195133,186.82195133
37,,100,classical,baseline,,True,1,0.017561,179.12888982,179.12888982
37,,100,classical,baseline,,True,2,0.018605,178.73657304,178.73657304
37,,100,classical,baseline,,True,3,0.020378,158.0945343,158.0945343
37,,100,classical,baseline,,True,4,21.010918,158.0945343,158.0945343
37,,100,classical,precond_pen=0.000,0.0,True,0,5.5e-05,186.82195133,186.82195133
37,,100,classical,precond_pen=0.200,0.2,True,0,0.000105,186.82195133,186.82195133
37,,100,classical,precond_pen=0.400,0.4,True,0,8.3e-05,186.82195133,186.82195133
37,,100,classical,precond_pen=0.600,0.6,True,0,7.9e-05,186.82195133,186.82195133
37,,100,classical,precond_pen=0.800,0.8,True,0,8e-05,186.82195133,186.82195133
37,,100,classical,precond_pen=1.000,1.0,True,0,0.000142,186.82195133,186.82195133
38,,100,classical,baseline,,True,0,9.4e-05,188.89697337,188.89697337
38,,100,classical,baseline,,True,1,0.017647,186.94539419,186.94539419
38,,100,classical,baseline,,True,2,0.019553,186.91907382,186.91907382
38,,100,classical,baseline,,True,3,0.022333,164.87811409,164.87811409
38,,100,classical,baseline,,True,4,8.610215,163.88134137,163.88134137
38,,100,classical,baseline,,True,5,9.959124,162.41227885,162.41227885
38,,100,classical,baseline,,True,6,12.406626,160.19006204,160.19006204
38,,100,classical,baseline,,True,7,24.721535,160.19006204,160.19006204
38,,100,classical,precond_pen=0.000,0.0,True,0,0.000199,188.89697337,188.89697337
38,,100,classical,precond_pen=0.200,0.2,True,0,6.4e-05,188.89697337,188.89697337
38,,100,classical,precond_pen=0.400,0.4,True,0,8.6e-05,188.89697337,188.89697337
38,,100,classical,precond_pen=0.600,0.6,True,0,0.000119,188.89697337,188.89697337
38,,100,classical,precond_pen=0.800,0.8,True,0,0.000125,188.89697337,188.89697337
38,,100,classical,precond_pen=1.000,1.0,True,0,7.6e-05,188.89697337,188.89697337
39,,100,classical,baseline,,True,0,7.5e-05,200.39614847,200.39614847
39,,100,classical,baseline,,True,1,0.026606,170.5863815,170.5863815
39,,100,classical,baseline,,True,2,28.443335,170.5863815,170.5863815
39,,100,classical,precond_pen=0.000,0.0,True,0,8.9e-05,200.39614847,200.39614847
39,,100,classical,precond_pen=0.200,0.2,True,0,6.1e-05,200.39614847,200.39614847
39,,100,classical,precond_pen=0.400,0.4,True,0,7.2e-05,200.39614847,200.39614847
39,,100,classical,precond_pen=0.600,0.6,True,0,6.8e-05,200.39614847,200.39614847
39,,100,classical,precond_pen=0.800,0.8,True,0,6.9e-05,200.39614847,200.39614847
39,,100,classical,precond_pen=1.000,1.0,True,0,5.9e-05,200.39614847,200.39614847
40,,100,classical,baseline,,True,0,6.4e-05,197.01518744,197.01518744
40,,100,classical,baseline,,True,1,0.037966,196.91269363,196.91269363
40,,100,classical,baseline,,True,2,0.038855,170.15739719,170.15739719
40,,100,classical,baseline,,True,3,0.250164,169.11585902,169.11585902
40,,100,classical,baseline,,True,4,13.560498,168.70974556,168.70974556
40,,100,classical,baseline,,True,5,38.407259,168.70974556,168.70974556
40,,100,classical,precond_pen=0.000,0.0,True,0,9.2e-05,197.01518744,197.01518744
40,,100,classical,precond_pen=0.200,0.2,True,0,5.8e-05,197.01518744,197.01518744
40,,100,classical,precond_pen=0.400,0.4,True,0,7.3e-05,197.01518744,197.01518744
40,,100,classical,precond_pen=0.600,0.6,True,0,8.7e-05,197.01518744,197.01518744
40,,100,classical,precond_pen=0.800,0.8,True,0,6e-05,197.01518744,197.01518744
40,,100,classical,precond_pen=1.000,1.0,True,0,6.4e-05,197.01518744,197.01518744
41,,100,classical,baseline,,True,0,5.7e-05,199.10912158,199.10912158
41,,100,classical,baseline,,True,1,0.02277,181.20750419,181.20750419
41,,100,classical,baseline,,True,2,0.311345,178.75390209,178.75390209
41,,100,classical,baseline,,True,3,1.919307,178.73127509,178.73127509
41,,100,classical,baseline,,True,4,2.535458,178.09044128,178.09044128
41,,100,classical,baseline,,True,5,2.980174,177.93862857,177.93862857
41,,100,classical,baseline,,True,6,14.351257,177.84411758,177.84411758
41,,100,classical,baseline,,True,7,40.77163,177.84411758,177.84411758
41,,100,classical,precond_pen=0.000,0.0,True,0,8.8e-05,199.10912158,199.10912158
41,,100,classical,precond_pen=0.200,0.2,True,0,5.7e-05,199.10912158,199.10912158
41,,100,classical,precond_pen=0.400,0.4,True,0,5.5e-05,199.10912158,199.10912158
41,,100,classical,precond_pen=0.600,0.6,True,0,5.8e-05,199.10912158,199.10912158
41,,100,classical,precond_pen=0.800,0.8,True,0,5.5e-05,199.10912158,199.10912158
41,,100,classical,precond_pen=1.000,1.0,True,0,7.8e-05,199.10912158,199.10912158
42,,100,classical,baseline,,True,0,8.1e-05,186.6096884,186.6096884
42,,100,classical,baseline,,True,1,0.034184,168.62482093,168.62482093
42,,100,classical,baseline,,True,2,1.520416,168.52695443,168.52695443
42,,100,classical,baseline,,True,3,3.101529,167.68706517,167.68706517
42,,100,classical,baseline,,True,4,32.519196,167.32008675,167.32008675
42,,100,classical,baseline,,True,5,39.213395,167.32008675,167.32008675
42,,100,classical,precond_pen=0.000,0.0,True,0,7.1e-05,186.6096884,186.6096884
42,,100,classical,precond_pen=0.200,0.2,True,0,5.8e-05,186.6096884,186.6096884
42,,100,classical,precond_pen=0.400,0.4,True,0,5.7e-05,186.6096884,186.6096884
42,,100,classical,precond_pen=0.600,0.6,True,0,7.6e-05,186.6096884,186.6096884
42,,100,classical,precond_pen=0.800,0.8,True,0,5.8e-05,186.6096884,186.6096884
42,,100,classical,precond_pen=1.000,1.0,True,0,8.1e-05,186.6096884,186.6096884
43,,100,classical,baseline,,True,0,8.6e-05,197.12455308,197.12455308
43,,100,classical,baseline,,True,1,0.018182,195.63786144,195.63786144
43,,100,classical,baseline,,True,2,0.020449,190.12915366,190.12915366
43,,100,classical,baseline,,True,3,0.022265,190.07987682,190.07987682
43,,100,classical,baseline,,True,4,0.024654,166.26714621,166.26714621
43,,100,classical,baseline,,True,5,27.873082,166.26714621,166.26714621
43,,100,classical,precond_pen=0.000,0.0,True,0,9.5e-05,197.12455308,197.12455308
43,,100,classical,precond_pen=0.200,0.2,True,0,5.6e-05,197.12455308,197.12455308
43,,100,classical,precond_pen=0.400,0.4,True,0,6.9e-05,197.12455308,197.12455308
43,,100,classical,precond_pen=0.600,0.6,True,0,5.5e-05,197.12455308,197.12455308
43,,100,classical,precond_pen=0.800,0.8,True,0,0.000301,197.12455308,197.12455308
43,,100,classical,precond_pen=1.000,1.0,True,0,7.7e-05,197.12455308,197.12455308
44,,100,classical,baseline,,True,0,0.000101,189.84504944,189.84504944
44,,100,classical,baseline,,True,1,0.015822,183.38633566,183.38633566
44,,100,classical,baseline,,True,2,0.017816,182.9606155,182.9606155
44,,100,classical,baseline,,True,3,0.020433,161.22225038,161.22225038
44,,100,classical,baseline,,True,4,22.478874,161.22225038,161.22225038
44,,100,classical,precond_pen=0.000,0.0,True,0,6.1e-05,189.84504944,189.84504944
44,,100,classical,precond_pen=0.200,0.2,True,0,6.2e-05,189.84504944,189.84504944
44,,100,classical,precond_pen=0.400,0.4,True,0,8e-05,189.84504944,189.84504944
44,,100,classical,precond_pen=0.600,0.6,True,0,6.7e-05,189.84504944,189.84504944
44,,100,classical,precond_pen=0.800,0.8,True,0,5.9e-05,189.84504944,189.84504944
44,,100,classical,precond_pen=1.000,1.0,True,0,6.1e-05,189.84504944,189.84504944
45,,100,classical,baseline,,True,0,5.7e-05,191.72589128,191.72589128
45,,100,classical,baseline,,True,1,0.016502,168.13929938,168.13929938
45,,100,classical,baseline,,True,2,6.065287,167.39843631,167.39843631
45,,100,classical,baseline,,True,3,22.355685,167.39843631,167.39843631
45,,100,classical,precond_pen=0.000,0.0,True,0,6.7e-05,191.72589128,191.72589128
45,,100,classical,precond_pen=0.200,0.2,True,0,7.4e-05,191.72589128,191.72589128
45,,100,classical,precond_pen=0.400,0.4,True,0,6.3e-05,191.72589128,191.72589128
45,,100,classical,precond_pen=0.600,0.6,True,0,5.8e-05,191.72589128,191.72589128
45,,100,classical,precond_pen=0.800,0.8,True,0,5.7e-05,191.72589128,191.72589128
45,,100,classical,precond_pen=1.000,1.0,True,0,7.3e-05,191.72589128,191.72589128
46,,100,classical,baseline,,True,0,5.8e-05,176.15312436,176.15312436
46,,100,classical,baseline,,True,1,0.017201,173.32130903,173.32130903
46,,100,classical,baseline,,True,2,0.020338,172.37896956,172.37896956
46,,100,classical,baseline,,True,3,0.031321,157.11188937,157.11188937
46,,100,classical,baseline,,True,4,18.760789,157.11188937,157.11188937
46,,100,classical,precond_pen=0.000,0.0,True,0,6e-05,176.15312436,176.15312436
46,,100,classical,precond_pen=0.200,0.2,True,0,6.4e-05,176.15312436,176.15312436
46,,100,classical,precond_pen=0.400,0.4,True,0,5.8e-05,176.15312436,176.15312436
46,,100,classical,precond_pen=0.600,0.6,True,0,5.7e-05,176.15312436,176.15312436
46,,100,classical,precond_pen=0.800,0.8,True,0,7.9e-05,176.15312436,176.15312436
46,,100,classical,precond_pen=1.000,1.0,True,0,6.5e-05,176.15312436,176.15312436
47,,100,classical,baseline,,True,0,7.6e-05,189.77411453,189.77411453
47,,100,classical,baseline,,True,1,0.018084,184.51447963,184.51447963
47,,100,classical,baseline,,True,2,0.021334,182.83440082,182.83440082
47,,100,classical,baseline,,True,3,0.02549,173.64065755,173.64065755
47,,100,classical,baseline,,True,4,1.543657,173.22930352,173.22930352
47,,100,classical,baseline,,True,5,1.57737,171.03872185,171.03872185
47,,100,classical,baseline,,True,6,18.398569,170.0451923,170.0451923
47,,100,classical,baseline,,True,7,26.835645,170.0451923,170.0451923
47,,100,classical,precond_pen=0.000,0.0,True,0,8.9e-05,189.77411453,189.77411453
47,,100,classical,precond_pen=0.200,0.2,True,0,6.1e-05,189.77411453,189.77411453
47,,100,classical,precond_pen=0.400,0.4,True,0,9.7e-05,189.77411453,189.77411453
47,,100,classical,precond_pen=0.600,0.6,True,0,6.9e-05,189.77411453,189.77411453
47,,100,classical,precond_pen=0.800,0.8,True,0,7.9e-05,189.77411453,189.77411453
47,,100,classical,precond_pen=1.000,1.0,True,0,5.9e-05,189.77411453,189.77411453
48,,100,classical,baseline,,True,0,6e-05,183.97429537,183.97429537
48,,100,classical,baseline,,True,1,0.01819,172.9327147,172.9327147
48,,100,classical,baseline,,True,2,2.953201,171.05396947,171.05396947
48,,100,classical,baseline,,True,3,3.361595,169.15060624,169.15060624
48,,100,classical,baseline,,True,4,31.985473,169.15060624,169.15060624
48,,100,classical,precond_pen=0.000,0.0,True,0,6.6e-05,183.97429537,183.97429537
48,,100,classical,precond_pen=0.200,0.2,True,0,6.1e-05,183.97429537,183.97429537
48,,100,classical,precond_pen=0.400,0.4,True,0,6.5e-05,183.97429537,183.97429537
48,,100,classical,precond_pen=0.600,0.6,True,0,6.2e-05,183.97429537,183.97429537
48,,100,classical,precond_pen=0.800,0.8,True,0,5.8e-05,183.97429537,183.97429537
48,,100,classical,precond_pen=1.000,1.0,True,0,5.9e-05,183.97429537,183.97429537
49,,100,classical,baseline,,True,0,0.00011,204.81576048,204.81576048
49,,100,classical,baseline,,True,1,0.021944,198.78098909,198.78098909
49,,100,classical,baseline,,True,2,0.023693,196.7397427,196.7397427
49,,100,classical,baseline,,True,3,0.025204,196.59199735,196.59199735
49,,100,classical,baseline,,True,4,0.029179,169.89779924,169.89779924
49,,100,classical,baseline,,True,5,2.210582,168.78779037,168.78779037
49,,100,classical,baseline,,True,6,25.160215,168.78779037,168.78779037
49,,100,classical,precond_pen=0.000,0.0,True,0,6.8e-05,204.81576048,204.81576048
49,,100,classical,precond_pen=0.200,0.2,True,0,5.8e-05,204.81576048,204.81576048
49,,100,classical,precond_pen=0.400,0.4,True,0,5.7e-05,204.81576048,204.81576048
49,,100,classical,precond_pen=0.600,0.6,True,0,7e-05,204.81576048,204.81576048
49,,100,classical,precond_pen=0.800,0.8,True,0,0.000156,204.81576048,204.81576048
49,,100,classical,precond_pen=1.000,1.0,True,0,9.7e-05,204.81576048,204.81576048
