name,n,objective_model,objective_baseline,penalty,mip_status,runtime_sec,time_to_best_sec,mip_gap,x_bits,z_bits,sum_z,presolve,trajectory,seed,preconditioner_family,layers,sweeps
baseline,28,176.91274938179578,176.91274938179572,,2,27.753113985061646,27.743070125579834,0.0,1110001111000001101010011001,+++---++++-----++-+-+--++--+,0,True,"[[9.8e-05, 216.86669539], [0.021455, 209.92844421], [0.022799, 176.91274938], [27.74307, 176.91274938]]",0,classical,,1000
precond_pen=0.000,28,14.0,216.8666953854601,0.0,2,0.25234508514404297,6.318092346191406e-05,0.0,1111111111111100000000000000,++++++++++++++--------------,0,True,"[[6.3e-05, 216.86669539]]",0,classical,,1000
precond_pen=0.200,28,14.0,216.8666953854601,0.2,2,0.21274304389953613,5.602836608886719e-05,0.0,1111111111111100000000000000,++++++++++++++--------------,0,True,"[[5.6e-05, 216.86669539]]",0,classical,,1000
precond_pen=0.400,28,14.0,216.8666953854601,0.4,2,0.23274803161621094,5.602836608886719e-05,0.0,1111111111111100000000000000,++++++++++++++--------------,0,True,"[[5.6e-05, 216.86669539]]",0,classical,,1000
precond_pen=0.600,28,14.0,216.8666953854601,0.6,2,0.21779108047485352,5.221366882324219e-05,0.0,1111111111111100000000000000,++++++++++++++--------------,0,True,"[[5.2e-05, 216.86669539]]",0,classical,,1000
precond_pen=0.800,28,14.0,216.8666953854601,0.8,2,0.2502620220184326,4.792213439941406e-05,0.0,1111111111111100000000000000,++++++++++++++--------------,0,True,"[[4.8e-05, 216.86669539]]",0,classical,,1000
precond_pen=1.000,28,14.0,216.8666953854601,1.0,2,0.20366215705871582,4.315376281738281e-05,0.0,1111111111111100000000000000,++++++++++++++--------------,0,True,"[[4.3e-05, 216.86669539]]",0,classical,,1000
baseline,28,164.34075451243584,164.3407545124361,,2,53.13180708885193,53.12858319282532,0.0,0101110010111000100110110100,-+-+++--+-+++---+--++-++-+--,0,True,"[[8.2e-05, 189.51579027], [0.014449, 188.53795766], [0.015585, 165.80522431], [0.225714, 165.52263042], [1.545814, 164.34075451], [53.128583, 164.34075451]]",1,classical,,1000
precond_pen=0.000,28,14.0,189.51579027363,0.0,2,0.2527627944946289,5.793571472167969e-05,0.0,1111111111111100000000000000,++++++++++++++--------------,0,True,"[[5.8e-05, 189.51579027]]",1,classical,,1000
precond_pen=0.200,28,14.0,189.51579027363,0.2,2,0.19202804565429688,4.9114227294921875e-05,0.0,1111111111111100000000000000,++++++++++++++--------------,0,True,"[[4.9e-05, 189.51579027]]",1,classical,,1000
precond_pen=0.400,28,14.0,189.51579027363,0.4,2,0.20663189888000488,6.794929504394531e-05,0.0,1111111111111100000000000000,++++++++++++++--------------,0,True,"[[6.8e-05, 189.51579027]]",1,classical,,1000
precond_pen=0.600,28,14.0,189.51579027363,0.6,2,0.24334502220153809,5.0067901611328125e-05,0.0,1111111111111100000000000000,++++++++++++++--------------,0,True,"[[5e-05, 189.51579027]]",1,classical,,1000
precond_pen=0.800,28,14.0,189.51579027363,0.8,2,0.1914501190185547,4.696846008300781e-05,0.0,1111111111111100000000000000,++++++++++++++--------------,0,True,"[[4.7e-05, 189.51579027]]",1,classical,,1000
precond_pen=1.000,28,14.0,189.51579027363,1.0,2,0.20653700828552246,5.0067901611328125e-05,0.0,1111111111111100000000000000,++++++++++++++--------------,0,True,"[[5e-05, 189.51579027]]",1,classical,,1000
baseline,28,165.79827070364917,165.798270703649,,2,17.54351305961609,17.53816294670105,0.0,0101001111100110101010000110,-+-+--+++++--++-+-+-+----++-,0,True,"[[8.3e-05, 184.10834611], [0.035739, 171.96795728], [1.518427, 170.29763629], [1.613271, 169.72247134], [1.79943, 169.27765822], [1.961769, 167.09417827], [2.304077, 165.84205169], [2.304631, 165.7982707], [17.538163, 165.7982707]]",2,classical,,1000
precond_pen=0.000,28,14.0,184.10834610897876,0.0,2,0.22227787971496582,5.984306335449219e-05,0.0,1111111111111100000000000000,++++++++++++++--------------,0,True,"[[6e-05, 184.10834611]]",2,classical,,1000
precond_pen=0.200,28,14.0,184.10834610897876,0.2,2,0.22210478782653809,5.984306335449219e-05,0.0,1111111111111100000000000000,++++++++++++++--------------,0,True,"[[6e-05, 184.10834611]]",2,classical,,1000
precond_pen=0.400,28,14.0,184.10834610897876,0.4,2,0.24802589416503906,5.1021575927734375e-05,0.0,1111111111111100000000000000,++++++++++++++--------------,0,True,"[[5.1e-05, 184.10834611]]",2,classical,,1000
precond_pen=0.600,28,14.0,184.10834610897876,0.6,2,0.18403100967407227,4.696846008300781e-05,0.0,1111111111111100000000000000,++++++++++++++--------------,0,True,"[[4.7e-05, 184.10834611]]",2,classical,,1000
precond_pen=0.800,28,14.0,184.10834610897876,0.8,2,0.22724199295043945,4.887580871582031e-05,0.0,1111111111111100000000000000,++++++++++++++--------------,0,True,"[[4.9e-05, 184.10834611]]",2,classical,,1000
precond_pen=1.000,28,14.0,184.10834610897876,1.0,2,0.1933591365814209,5.412101745605469e-05,0.0,1111111111111100000000000000,++++++++++++++--------------,0,True,"[[5.4e-05, 184.10834611]]",2,classical,,1000
baseline,28,169.85007589582415,169.85007589582403,,2,37.965911865234375,37.96187686920166,0.0,0110110010101100000011010111,-++-++--+-+-++------++-+-+++,0,True,"[[0.000117, 208.90331006], [0.018859, 206.02055069], [0.020337, 205.33460673], [0.023839, 173.43890441], [0.229649, 169.8500759], [37.961877, 169.8500759]]",3,classical,,1000
precond_pen=0.000,28,14.0,208.90331006228604,0.0,2,0.21005487442016602,5.984306335449219e-05,0.0,1111111111111100000000000000,++++++++++++++--------------,0,True,"[[6e-05, 208.90331006]]",3,classical,,1000
precond_pen=0.200,28,14.0,208.90331006228604,0.2,2,0.2722039222717285,5.1975250244140625e-05,0.0,1111111111111100000000000000,++++++++++++++--------------,0,True,"[[5.2e-05, 208.90331006]]",3,classical,,1000
precond_pen=0.400,28,14.0,208.90331006228604,0.4,2,0.23313593864440918,7.390975952148438e-05,0.0,1111111111111100000000000000,++++++++++++++--------------,0,True,"[[7.4e-05, 208.90331006]]",3,classical,,1000
precond_pen=0.600,28,14.0,208.90331006228604,0.6,2,0.20443487167358398,4.410743713378906e-05,0.0,1111111111111100000000000000,++++++++++++++--------------,0,True,"[[4.4e-05, 208.90331006]]",3,classical,,1000
precond_pen=0.800,28,14.0,208.90331006228604,0.8,2,0.18779397010803223,4.291534423828125e-05,0.0,1111111111111100000000000000,++++++++++++++--------------,0,True,"[[4.3e-05, 208.90331006]]",3,classical,,1000
precond_pen=1.000,28,14.0,208.90331006228604,1.0,2,0.21172094345092773,6.198883056640625e-05,0.0,1111111111111100000000000000,++++++++++++++--------------,0,True,"[[6.2e-05, 208.90331006]]",3,classical,,1000
baseline,28,185.70475249517395,185.70475249517403,,2,36.31759715080261,36.30811810493469,0.0,0110100010100111110101000101,-++-+---+-+--+++++-+-+---+-+,0,True,"[[6.1e-05, 209.69549112], [0.021561, 186.34332473], [13.039979, 185.7047525], [36.308118, 185.7047525]]",4,classical,,1000
precond_pen=0.000,28,14.0,209.69549111582796,0.0,2,0.305513858795166,7.796287536621094e-05,0.0,1111111111111100000000000000,++++++++++++++--------------,0,True,"[[7.8e-05, 209.69549112]]",4,classical,,1000
precond_pen=0.200,28,14.0,209.69549111582796,0.2,2,0.26484012603759766,5.507469177246094e-05,0.0,1111111111111100000000000000,++++++++++++++--------------,0,True,"[[5.5e-05, 209.69549112]]",4,classical,,1000
precond_pen=0.400,28,14.0,209.69549111582796,0.4,2,0.2905421257019043,0.00017309188842773438,0.0,1111111111111100000000000000,++++++++++++++--------------,0,True,"[[0.000173, 209.69549112]]",4,classical,,1000
precond_pen=0.600,28,14.0,209.69549111582796,0.6,2,0.23491191864013672,6.604194641113281e-05,0.0,1111111111111100000000000000,++++++++++++++--------------,0,True,"[[6.6e-05, 209.69549112]]",4,classical,,1000
precond_pen=0.800,28,14.0,209.69549111582796,0.8,2,0.28316593170166016,5.602836608886719e-05,0.0,1111111111111100000000000000,++++++++++++++--------------,0,True,"[[5.6e-05, 209.69549112]]",4,classical,,1000
precond_pen=1.000,28,14.0,209.69549111582796,1.0,2,0.24975800514221191,7.700920104980469e-05,0.0,1111111111111100000000000000,++++++++++++++--------------,0,True,"[[7.7e-05, 209.69549112]]",4,classical,,1000
baseline,28,163.0441184787851,163.0441184787851,,2,44.00518488883972,43.999480962753296,0.0,1000001110101111010001110100,+-----+++-+-++++-+---+++-+--,0,True,"[[7.7e-05, 189.25660748], [0.015467, 183.62878661], [0.016887, 183.04698791], [0.018964, 165.42289692], [7.670658, 165.26725378], [9.595761, 164.71087394], [9.596252, 164.30043544], [9.600957, 163.04411848], [43.999481, 163.04411848]]",5,classical,,1000
precond_pen=0.000,28,14.0,189.2566074813089,0.0,2,0.2786581516265869,0.0001220703125,0.0,1111111111111100000000000000,++++++++++++++--------------,0,True,"[[0.000122, 189.25660748]]",5,classical,,1000
precond_pen=0.200,28,14.0,189.2566074813089,0.2,2,0.303922176361084,5.412101745605469e-05,0.0,1111111111111100000000000000,++++++++++++++--------------,0,True,"[[5.4e-05, 189.25660748]]",5,classical,,1000
precond_pen=0.400,28,14.0,189.2566074813089,0.4,2,0.30905699729919434,0.0001239776611328125,0.0,1111111111111100000000000000,++++++++++++++--------------,0,True,"[[0.000124, 189.25660748]]",5,classical,,1000
precond_pen=0.600,28,14.0,189.2566074813089,0.6,2,0.24266600608825684,5.1021575927734375e-05,0.0,1111111111111100000000000000,++++++++++++++--------------,0,True,"[[5.1e-05, 189.25660748]]",5,classical,,1000
precond_pen=0.800,28,14.0,189.2566074813089,0.8,2,0.22563600540161133,0.00014781951904296875,0.0,1111111111111100000000000000,++++++++++++++--------------,0,True,"[[0.000148, 189.25660748]]",5,classical,,1000
precond_pen=1.000,28,14.0,189.2566074813089,1.0,2,0.2226870059967041,5.3882598876953125e-05,0.0,1111111111111100000000000000,++++++++++++++--------------,0,True,"[[5.4e-05, 189.25660748]]",5,classical,,1000
baseline,28,171.28420630724403,171.2842063072439,,2,24.96076202392578,24.95144510269165,0.0,1010011001001111001101001100,+-+--++--+--++++--++-+--++--,0,True,"[[0.000168, 209.5918113], [0.02754, 204.78281239], [0.035313, 202.03245163], [0.03755, 200.8238576], [0.039923, 171.28420631], [24.951445, 171.28420631]]",6,classical,,1000
precond_pen=0.000,28,14.0,209.59181130329603,0.0,2,0.2817111015319824,5.602836608886719e-05,0.0,1111111111111100000000000000,++++++++++++++--------------,0,True,"[[5.6e-05, 209.5918113]]",6,classical,,1000
precond_pen=0.200,28,14.0,209.59181130329603,0.2,2,0.2793099880218506,5.1975250244140625e-05,0.0,1111111111111100000000000000,++++++++++++++--------------,0,True,"[[5.2e-05, 209.5918113]]",6,classical,,1000
precond_pen=0.400,28,14.0,209.59181130329603,0.4,2,0.21727204322814941,7.414817810058594e-05,0.0,1111111111111100000000000000,++++++++++++++--------------,0,True,"[[7.4e-05, 209.5918113]]",6,classical,,1000
precond_pen=0.600,28,14.0,209.59181130329603,0.6,2,0.24895000457763672,5.817413330078125e-05,0.0,1111111111111100000000000000,++++++++++++++--------------,0,True,"[[5.8e-05, 209.5918113]]",6,classical,,1000
precond_pen=0.800,28,14.0,209.59181130329603,0.8,2,0.27278685569763184,5.078315734863281e-05,0.0,1111111111111100000000000000,++++++++++++++--------------,0,True,"[[5.1e-05, 209.5918113]]",6,classical,,1000
precond_pen=1.000,28,14.0,209.59181130329603,1.0,2,0.2669789791107178,5.0067901611328125e-05,0.0,1111111111111100000000000000,++++++++++++++--------------,0,True,"[[5e-05, 209.5918113]]",6,classical,,1000
baseline,28,167.76067416360615,167.76067416360587,,2,35.766003131866455,35.75287699699402,0.0,1111000111010000011110010001,++++---+++-+-----++++--+---+,0,True,"[[7.6e-05, 195.7544466], [0.021564, 167.76067416], [35.752877, 167.76067416]]",7,classical,,1000
precond_pen=0.000,28,14.0,195.754446601114,0.0,2,0.21741414070129395,6.198883056640625e-05,0.0,1111111111111100000000000000,++++++++++++++--------------,0,True,"[[6.2e-05, 195.7544466]]",7,classical,,1000
precond_pen=0.200,28,14.0,195.754446601114,0.2,2,0.2936379909515381,5.507469177246094e-05,0.0,1111111111111100000000000000,++++++++++++++--------------,0,True,"[[5.5e-05, 195.7544466]]",7,classical,,1000
precond_pen=0.400,28,14.0,195.754446601114,0.4,2,0.2282099723815918,4.887580871582031e-05,0.0,1111111111111100000000000000,++++++++++++++--------------,0,True,"[[4.9e-05, 195.7544466]]",7,classical,,1000
precond_pen=0.600,28,14.0,195.754446601114,0.6,2,0.19247102737426758,4.8160552978515625e-05,0.0,1111111111111100000000000000,++++++++++++++--------------,0,True,"[[4.8e-05, 195.7544466]]",7,classical,,1000
precond_pen=0.800,28,14.0,195.754446601114,0.8,2,0.24918603897094727,4.8160552978515625e-05,0.0,1111111111111100000000000000,++++++++++++++--------------,0,True,"[[4.8e-05, 195.7544466]]",7,classical,,1000
precond_pen=1.000,28,14.0,195.754446601114,1.0,2,0.2175610065460205,4.696846008300781e-05,0.0,1111111111111100000000000000,++++++++++++++--------------,0,True,"[[4.7e-05, 195.7544466]]",7,classical,,1000
baseline,28,162.44650091943208,162.44650091943177,,2,28.98785710334778,28.984025955200195,0.0,1111110000100101100111000001,++++++----+--+-++--+++-----+,0,True,"[[5.2e-05, 191.12426956], [0.016868, 162.44650092], [28.984026, 162.44650092]]",8,classical,,1000
precond_pen=0.000,28,14.0,191.124269562102,0.0,2,0.27895307540893555,0.00018095970153808594,0.0,1111111111111100000000000000,++++++++++++++--------------,0,True,"[[0.000181, 191.12426956]]",8,classical,,1000
precond_pen=0.200,28,14.0,191.124269562102,0.2,2,0.25957798957824707,6.008148193359375e-05,0.0,1111111111111100000000000000,++++++++++++++--------------,0,True,"[[6e-05, 191.12426956]]",8,classical,,1000
precond_pen=0.400,28,14.0,191.124269562102,0.4,2,0.24141502380371094,5.91278076171875e-05,0.0,1111111111111100000000000000,++++++++++++++--------------,0,True,"[[5.9e-05, 191.12426956]]",8,classical,,1000
precond_pen=0.600,28,14.0,191.124269562102,0.6,2,0.22446203231811523,6.794929504394531e-05,0.0,1111111111111100000000000000,++++++++++++++--------------,0,True,"[[6.8e-05, 191.12426956]]",8,classical,,1000
precond_pen=0.800,28,14.0,191.124269562102,0.8,2,0.22475099563598633,0.00012803077697753906,0.0,1111111111111100000000000000,++++++++++++++--------------,0,True,"[[0.000128, 191.12426956]]",8,classical,,1000
precond_pen=1.000,28,14.0,191.124269562102,1.0,2,0.20843982696533203,7.390975952148438e-05,0.0,1111111111111100000000000000,++++++++++++++--------------,0,True,"[[7.4e-05, 191.12426956]]",8,classical,,1000
baseline,28,173.9136263427929,173.91362634279312,,2,41.862558126449585,41.85404014587402,0.0,0010010011111110000001010111,--+--+--+++++++------+-+-+++,0,True,"[[6.9e-05, 207.38060405], [0.0194, 203.81053654], [0.024939, 174.57766661], [0.244813, 173.91362634], [41.85404, 173.91362634]]",9,classical,,1000
precond_pen=0.000,28,14.0,207.38060404556296,0.0,2,0.2756350040435791,6.103515625e-05,0.0,1111111111111100000000000000,++++++++++++++--------------,0,True,"[[6.1e-05, 207.38060405]]",9,classical,,1000
precond_pen=0.200,28,14.0,207.38060404556296,0.2,2,0.20943403244018555,5.3882598876953125e-05,0.0,1111111111111100000000000000,++++++++++++++--------------,0,True,"[[5.4e-05, 207.38060405]]",9,classical,,1000
precond_pen=0.400,28,14.0,207.38060404556296,0.4,2,0.22977399826049805,7.605552673339844e-05,0.0,1111111111111100000000000000,++++++++++++++--------------,0,True,"[[7.6e-05, 207.38060405]]",9,classical,,1000
precond_pen=0.600,28,14.0,207.38060404556296,0.6,2,0.2639491558074951,5.316734313964844e-05,0.0,1111111111111100000000000000,++++++++++++++--------------,0,True,"[[5.3e-05, 207.38060405]]",9,classical,,1000
precond_pen=0.800,28,14.0,207.38060404556296,0.8,2,0.19319701194763184,4.601478576660156e-05,0.0,1111111111111100000000000000,++++++++++++++--------------,0,True,"[[4.6e-05, 207.38060405]]",9,classical,,1000
precond_pen=1.000,28,14.0,207.38060404556296,1.0,2,0.19068503379821777,6.604194641113281e-05,0.0,1111111111111100000000000000,++++++++++++++--------------,0,True,"[[6.6e-05, 207.38060405]]",9,classical,,1000
baseline,28,167.41336223744622,167.41336223744608,,2,32.62975215911865,32.62679600715637,0.0,1000111011100011000010111100,+---+++-+++---++----+-++++--,0,True,"[[8.8e-05, 194.61342848], [0.031942, 172.83074037], [1.369107, 170.67835672], [1.51537, 170.36718542], [1.611515, 167.41336224], [32.626796, 167.41336224]]",10,classical,,1000
precond_pen=0.000,28,14.0,194.61342848012,0.0,2,0.2595858573913574,5.698204040527344e-05,0.0,1111111111111100000000000000,++++++++++++++--------------,0,True,"[[5.7e-05, 194.61342848]]",10,classical,,1000
precond_pen=0.200,28,14.0,194.61342848012,0.2,2,0.20471811294555664,8.606910705566406e-05,0.0,1111111111111100000000000000,++++++++++++++--------------,0,True,"[[8.6e-05, 194.61342848]]",10,classical,,1000
precond_pen=0.400,28,14.0,194.61342848012,0.4,2,0.23653697967529297,5.4836273193359375e-05,0.0,1111111111111100000000000000,++++++++++++++--------------,0,True,"[[5.5e-05, 194.61342848]]",10,classical,,1000
precond_pen=0.600,28,14.0,194.61342848012,0.6,2,0.2458648681640625,7.104873657226562e-05,0.0,1111111111111100000000000000,++++++++++++++--------------,0,True,"[[7.1e-05, 194.61342848]]",10,classical,,1000
precond_pen=0.800,28,14.0,194.61342848012,0.8,2,0.19407987594604492,4.887580871582031e-05,0.0,1111111111111100000000000000,++++++++++++++--------------,0,True,"[[4.9e-05, 194.61342848]]",10,classical,,1000
precond_pen=1.000,28,14.0,194.61342848012,1.0,2,0.19323182106018066,4.982948303222656e-05,0.0,1111111111111100000000000000,++++++++++++++--------------,0,True,"[[5e-05, 194.61342848]]",10,classical,,1000
baseline,28,154.56207709474037,154.56207709473995,,2,30.902904987335205,30.898555994033813,0.0,1001000011101101111010110000,+--+----+++-++-++++-+-++----,0,True,"[[6.4e-05, 194.75035761], [0.015829, 184.05236428], [0.018984, 183.01489391], [0.021247, 157.33857807], [0.221508, 154.56207709], [30.898556, 154.56207709]]",11,classical,,1000
precond_pen=0.000,28,14.0,194.75035761209,0.0,2,0.24885296821594238,6.29425048828125e-05,0.0,1111111111111100000000000000,++++++++++++++--------------,0,True,"[[6.3e-05, 194.75035761]]",11,classical,,1000
precond_pen=0.200,28,14.0,194.75035761209,0.2,2,0.230241060256958,0.0003101825714111328,0.0,1111111111111100000000000000,++++++++++++++--------------,0,True,"[[0.00031, 194.75035761]]",11,classical,,1000
precond_pen=0.400,28,14.0,194.75035761209,0.4,2,0.27524709701538086,5.0067901611328125e-05,0.0,1111111111111100000000000000,++++++++++++++--------------,0,True,"[[5e-05, 194.75035761]]",11,classical,,1000
precond_pen=0.600,28,14.0,194.75035761209,0.6,2,0.24832797050476074,5.0067901611328125e-05,0.0,1111111111111100000000000000,++++++++++++++--------------,0,True,"[[5e-05, 194.75035761]]",11,classical,,1000
precond_pen=0.800,28,14.0,194.75035761209,0.8,2,0.2830629348754883,4.792213439941406e-05,0.0,1111111111111100000000000000,++++++++++++++--------------,0,True,"[[4.8e-05, 194.75035761]]",11,classical,,1000
precond_pen=1.000,28,14.0,194.75035761209,1.0,2,0.2282850742340088,4.696846008300781e-05,0.0,1111111111111100000000000000,++++++++++++++--------------,0,True,"[[4.7e-05, 194.75035761]]",11,classical,,1000
baseline,28,171.55721592534016,171.55721592534016,,2,37.61802792549133,37.6153769493103,0.0,0001000011010110111110010011,---+----++-+-++-+++++--+--++,0,True,"[[0.000101, 204.11547024], [0.01485, 198.82487988], [0.016835, 197.47394281], [0.018135, 196.84498982], [0.019946, 175.41798108], [1.4354, 175.36098267], [1.636173, 173.51436748], [2.265334, 171.55721593], [37.615377, 171.55721593]]",12,classical,,1000
precond_pen=0.000,28,14.0,204.11547024339185,0.0,2,0.21123409271240234,7.200241088867188e-05,0.0,1111111111111100000000000000,++++++++++++++--------------,0,True,"[[7.2e-05, 204.11547024]]",12,classical,,1000
precond_pen=0.200,28,14.0,204.11547024339185,0.2,2,0.19528913497924805,4.696846008300781e-05,0.0,1111111111111100000000000000,++++++++++++++--------------,0,True,"[[4.7e-05, 204.11547024]]",12,classical,,1000
precond_pen=0.400,28,14.0,204.11547024339185,0.4,2,0.16777896881103516,4.601478576660156e-05,0.0,1111111111111100000000000000,++++++++++++++--------------,0,True,"[[4.6e-05, 204.11547024]]",12,classical,,1000
precond_pen=0.600,28,14.0,204.11547024339185,0.6,2,0.17786383628845215,4.506111145019531e-05,0.0,1111111111111100000000000000,++++++++++++++--------------,0,True,"[[4.5e-05, 204.11547024]]",12,classical,,1000
precond_pen=0.800,28,14.0,204.11547024339185,0.8,2,0.1775660514831543,4.410743713378906e-05,0.0,1111111111111100000000000000,++++++++++++++--------------,0,True,"[[4.4e-05, 204.11547024]]",12,classical,,1000
precond_pen=1.000,28,14.0,204.11547024339185,1.0,2,0.1954808235168457,4.482269287109375e-05,0.0,1111111111111100000000000000,++++++++++++++--------------,0,True,"[[4.5e-05, 204.11547024]]",12,classical,,1000
baseline,28,165.52632658703897,165.5263265870391,,2,17.150707006454468,17.145754098892212,0.0,1101001010110000010110101110,++-+--+-+-++-----+-++-+-+++-,0,True,"[[8.6e-05, 199.60134542], [0.013385, 197.61914632], [0.01453, 195.40356133], [0.016267, 166.35969307], [0.286793, 165.52632659], [17.145754, 165.52632659]]",13,classical,,1000
precond_pen=0.000,28,14.0,199.60134541929486,0.0,2,0.2737851142883301,5.1021575927734375e-05,0.0,1111111111111100000000000000,++++++++++++++--------------,0,True,"[[5.1e-05, 199.60134542]]",13,classical,,1000
precond_pen=0.200,28,14.0,199.60134541929486,0.2,2,0.2223649024963379,4.482269287109375e-05,0.0,1111111111111100000000000000,++++++++++++++--------------,0,True,"[[4.5e-05, 199.60134542]]",13,classical,,1000
precond_pen=0.400,28,14.0,199.60134541929486,0.4,2,0.2683238983154297,4.100799560546875e-05,0.0,1111111111111100000000000000,++++++++++++++--------------,0,True,"[[4.1e-05, 199.60134542]]",13,classical,,1000
precond_pen=0.600,28,14.0,199.60134541929486,0.6,2,0.23282098770141602,5.602836608886719e-05,0.0,1111111111111100000000000000,++++++++++++++--------------,0,True,"[[5.6e-05, 199.60134542]]",13,classical,,1000
precond_pen=0.800,28,14.0,199.60134541929486,0.8,2,0.19960284233093262,4.00543212890625e-05,0.0,1111111111111100000000000000,++++++++++++++--------------,0,True,"[[4e-05, 199.60134542]]",13,classical,,1000
precond_pen=1.000,28,14.0,199.60134541929486,1.0,2,0.16920995712280273,4.1961669921875e-05,0.0,1111111111111100000000000000,++++++++++++++--------------,0,True,"[[4.2e-05, 199.60134542]]",13,classical,,1000
baseline,28,169.94244263236607,169.94244263236587,,2,43.7026789188385,43.698675870895386,0.0,0000110010100011110110011011,----++--+-+---++++-++--++-++,0,True,"[[0.000104, 191.56628962], [0.014091, 186.57841408], [0.018812, 169.94244263], [43.698676, 169.94244263]]",14,classical,,1000
precond_pen=0.000,28,14.0,191.56628962304794,0.0,2,0.24559593200683594,7.796287536621094e-05,0.0,1111111111111100000000000000,++++++++++++++--------------,0,True,"[[7.8e-05, 191.56628962]]",14,classical,,1000
precond_pen=0.200,28,14.0,191.56628962304794,0.2,2,0.2169640064239502,5.1021575927734375e-05,0.0,1111111111111100000000000000,++++++++++++++--------------,0,True,"[[5.1e-05, 191.56628962]]",14,classical,,1000
precond_pen=0.400,28,14.0,191.56628962304794,0.4,2,0.20173096656799316,6.580352783203125e-05,0.0,1111111111111100000000000000,++++++++++++++--------------,0,True,"[[6.6e-05, 191.56628962]]",14,classical,,1000
precond_pen=0.600,28,14.0,191.56628962304794,0.6,2,0.20590591430664062,4.696846008300781e-05,0.0,1111111111111100000000000000,++++++++++++++--------------,0,True,"[[4.7e-05, 191.56628962]]",14,classical,,1000
precond_pen=0.800,28,14.0,191.56628962304794,0.8,2,0.18216300010681152,4.887580871582031e-05,0.0,1111111111111100000000000000,++++++++++++++--------------,0,True,"[[4.9e-05, 191.56628962]]",14,classical,,1000
precond_pen=1.000,28,14.0,191.56628962304794,1.0,2,0.20395898818969727,7.009506225585938e-05,0.0,1111111111111100000000000000,++++++++++++++--------------,0,True,"[[7e-05, 191.56628962]]",14,classical,,1000
baseline,28,176.3499141776072,176.3499141776068,,2,34.33277201652527,34.32680416107178,0.0,0011011100010001011110011001,--++-+++---+---+-++++--++--+,0,True,"[[5.4e-05, 209.20319871], [0.013955, 204.34523745], [0.01737, 203.46499231], [0.018957, 201.95110723], [0.020193, 178.26896986], [0.19493, 176.34991418], [34.326804, 176.34991418]]",15,classical,,1000
precond_pen=0.000,28,14.0,209.2031987065931,0.0,2,0.29826807975769043,6.389617919921875e-05,0.0,1111111111111100000000000000,++++++++++++++--------------,0,True,"[[6.4e-05, 209.20319871]]",15,classical,,1000
precond_pen=0.200,28,14.0,209.2031987065931,0.2,2,0.2775399684906006,6.604194641113281e-05,0.0,1111111111111100000000000000,++++++++++++++--------------,0,True,"[[6.6e-05, 209.20319871]]",15,classical,,1000
precond_pen=0.400,28,14.0,209.2031987065931,0.4,2,0.20131397247314453,4.982948303222656e-05,0.0,1111111111111100000000000000,++++++++++++++--------------,0,True,"[[5e-05, 209.20319871]]",15,classical,,1000
precond_pen=0.600,28,14.0,209.2031987065931,0.6,2,0.2410440444946289,5.0067901611328125e-05,0.0,1111111111111100000000000000,++++++++++++++--------------,0,True,"[[5e-05, 209.20319871]]",15,classical,,1000
precond_pen=0.800,28,14.0,209.2031987065931,0.8,2,0.27165699005126953,5.602836608886719e-05,0.0,1111111111111100000000000000,++++++++++++++--------------,0,True,"[[5.6e-05, 209.20319871]]",15,classical,,1000
precond_pen=1.000,28,14.0,209.2031987065931,1.0,2,0.2505781650543213,4.8160552978515625e-05,0.0,1111111111111100000000000000,++++++++++++++--------------,0,True,"[[4.8e-05, 209.20319871]]",15,classical,,1000
baseline,28,169.04097631270196,169.04097631270193,,2,19.71026086807251,19.684104919433594,0.0,0011011001001101000000111111,--++-++--+--++-+------++++++,0,True,"[[4.5e-05, 192.74573651], [0.012065, 186.32393327], [0.015961, 174.28788991], [0.244127, 169.04097631], [19.684105, 169.04097631]]",16,classical,,1000
precond_pen=0.000,28,14.0,192.74573650639175,0.0,2,0.36728382110595703,5.888938903808594e-05,0.0,1111111111111100000000000000,++++++++++++++--------------,0,True,"[[5.9e-05, 192.74573651]]",16,classical,,1000
precond_pen=0.200,28,14.0,192.74573650639175,0.2,2,0.38690614700317383,0.00011897087097167969,0.0,1111111111111100000000000000,++++++++++++++--------------,0,True,"[[0.000119, 192.74573651]]",16,classical,,1000
precond_pen=0.400,28,14.0,192.74573650639175,0.4,2,0.3700549602508545,6.103515625e-05,0.0,1111111111111100000000000000,++++++++++++++--------------,0,True,"[[6.1e-05, 192.74573651]]",16,classical,,1000
precond_pen=0.600,28,14.0,192.74573650639175,0.6,2,0.23462700843811035,5.888938903808594e-05,0.0,1111111111111100000000000000,++++++++++++++--------------,0,True,"[[5.9e-05, 192.74573651]]",16,classical,,1000
precond_pen=0.800,28,14.0,192.74573650639175,0.8,2,0.2905921936035156,5.316734313964844e-05,0.0,1111111111111100000000000000,++++++++++++++--------------,0,True,"[[5.3e-05, 192.74573651]]",16,classical,,1000
precond_pen=1.000,28,14.0,192.74573650639175,1.0,2,0.23365306854248047,5.412101745605469e-05,0.0,1111111111111100000000000000,++++++++++++++--------------,0,True,"[[5.4e-05, 192.74573651]]",16,classical,,1000
baseline,28,159.9183106165251,159.91831061652513,,2,31.71084499359131,31.701468229293823,0.0,0011011000000111110101101010,--++-++------+++++-+-++-+-+-,0,True,"[[5.4e-05, 194.19487254], [0.011742, 189.75640151], [0.014741, 189.54941362], [0.016334, 187.1072794], [0.017516, 159.91831062], [31.701468, 159.91831062]]",17,classical,,1000
precond_pen=0.000,28,14.0,194.19487254284306,0.0,2,0.22037696838378906,8.606910705566406e-05,0.0,1111111111111100000000000000,++++++++++++++--------------,0,True,"[[8.6e-05, 194.19487254]]",17,classical,,1000
precond_pen=0.200,28,14.0,194.19487254284306,0.2,2,-2.2711760997772217,5.1975250244140625e-05,0.0,1111111111111100000000000000,++++++++++++++--------------,0,True,"[[5.2e-05, 194.19487254]]",17,classical,,1000
precond_pen=0.400,28,14.0,194.19487254284306,0.4,2,0.26610684394836426,5.507469177246094e-05,0.0,1111111111111100000000000000,++++++++++++++--------------,0,True,"[[5.5e-05, 194.19487254]]",17,classical,,1000
precond_pen=0.600,28,14.0,194.19487254284306,0.6,2,0.1885969638824463,4.792213439941406e-05,0.0,1111111111111100000000000000,++++++++++++++--------------,0,True,"[[4.8e-05, 194.19487254]]",17,classical,,1000
precond_pen=0.800,28,14.0,194.19487254284306,0.8,2,0.23263311386108398,5.412101745605469e-05,0.0,1111111111111100000000000000,++++++++++++++--------------,0,True,"[[5.4e-05, 194.19487254]]",17,classical,,1000
precond_pen=1.000,28,14.0,194.19487254284306,1.0,2,0.22791409492492676,4.696846008300781e-05,0.0,1111111111111100000000000000,++++++++++++++--------------,0,True,"[[4.7e-05, 194.19487254]]",17,classical,,1000
baseline,28,169.5975957893471,169.59759578934697,,2,36.1573269367218,36.150084018707275,0.0,1110001010101011011101000010,+++---+-+-+-+-++-+++-+----+-,0,True,"[[5.8e-05, 202.67107212], [0.034239, 196.32879468], [0.040594, 174.07488633], [0.28512, 170.92622292], [2.496745, 169.59759579], [36.150084, 169.59759579]]",18,classical,,1000
precond_pen=0.000,28,14.0,202.67107211703885,0.0,2,0.3735470771789551,0.00011610984802246094,0.0,1111111111111100000000000000,++++++++++++++--------------,0,True,"[[0.000116, 202.67107212]]",18,classical,,1000
precond_pen=0.200,28,14.0,202.67107211703885,0.2,2,0.2474350929260254,5.412101745605469e-05,0.0,1111111111111100000000000000,++++++++++++++--------------,0,True,"[[5.4e-05, 202.67107212]]",18,classical,,1000
precond_pen=0.400,28,14.0,202.67107211703885,0.4,2,0.35652804374694824,5.412101745605469e-05,0.0,1111111111111100000000000000,++++++++++++++--------------,0,True,"[[5.4e-05, 202.67107212]]",18,classical,,1000
precond_pen=0.600,28,14.0,202.67107211703885,0.6,2,0.26253700256347656,5.698204040527344e-05,0.0,1111111111111100000000000000,++++++++++++++--------------,0,True,"[[5.7e-05, 202.67107212]]",18,classical,,1000
precond_pen=0.800,28,14.0,202.67107211703885,0.8,2,0.262192964553833,5.5789947509765625e-05,0.0,1111111111111100000000000000,++++++++++++++--------------,0,True,"[[5.6e-05, 202.67107212]]",18,classical,,1000
precond_pen=1.000,28,14.0,202.67107211703885,1.0,2,0.3290419578552246,6.103515625e-05,0.0,1111111111111100000000000000,++++++++++++++--------------,0,True,"[[6.1e-05, 202.67107212]]",18,classical,,1000
baseline,28,165.55548495012894,165.55548495012914,,2,30.789189100265503,30.784708976745605,0.0,0011111000000001110011110101,--+++++--------+++--++++-+-+,0,True,"[[5.4e-05, 198.55570163], [0.013289, 196.20848309], [0.014578, 170.14023041], [8.080224, 169.34188835], [15.024707, 168.38646173], [15.026202, 168.35103449], [15.868206, 168.26630991], [17.713426, 168.21711046], [20.290953, 168.2109816], [21.010193, 165.55548495], [30.784709, 165.55548495]]",19,classical,,1000
precond_pen=0.000,28,14.0,198.55570162563725,0.0,2,0.2707958221435547,6.29425048828125e-05,0.0,1111111111111100000000000000,++++++++++++++--------------,0,True,"[[6.3e-05, 198.55570163]]",19,classical,,1000
precond_pen=0.200,28,14.0,198.55570162563725,0.2,2,0.2374410629272461,0.00016999244689941406,0.0,1111111111111100000000000000,++++++++++++++--------------,0,True,"[[0.00017, 198.55570163]]",19,classical,,1000
precond_pen=0.400,28,14.0,198.55570162563725,0.4,2,0.2398979663848877,5.602836608886719e-05,0.0,1111111111111100000000000000,++++++++++++++--------------,0,True,"[[5.6e-05, 198.55570163]]",19,classical,,1000
precond_pen=0.600,28,14.0,198.55570162563725,0.6,2,0.2561318874359131,5.698204040527344e-05,0.0,1111111111111100000000000000,++++++++++++++--------------,0,True,"[[5.7e-05, 198.55570163]]",19,classical,,1000
precond_pen=0.800,28,14.0,198.55570162563725,0.8,2,0.25170183181762695,6.103515625e-05,0.0,1111111111111100000000000000,++++++++++++++--------------,0,True,"[[6.1e-05, 198.55570163]]",19,classical,,1000
precond_pen=1.000,28,14.0,198.55570162563725,1.0,2,0.23820805549621582,5.1021575927734375e-05,0.0,1111111111111100000000000000,++++++++++++++--------------,0,True,"[[5.1e-05, 198.55570163]]",19,classical,,1000
baseline,28,163.97192166516905,163.97192166516888,,2,32.82970309257507,32.82591104507446,0.0,1110000001111110011000010110,+++------++++++--++----+-++-,0,True,"[[8.1e-05, 204.37596661], [0.021439, 203.99217529], [0.022718, 203.82593863], [0.025392, 163.97192167], [32.825911, 163.97192167]]",20,classical,,1000
precond_pen=0.000,28,14.0,204.37596660965895,0.0,2,0.26175403594970703,0.00011897087097167969,0.0,1111111111111100000000000000,++++++++++++++--------------,0,True,"[[0.000119, 204.37596661]]",20,classical,,1000
precond_pen=0.200,28,14.0,204.37596660965895,0.2,2,0.2804231643676758,4.7206878662109375e-05,0.0,1111111111111100000000000000,++++++++++++++--------------,0,True,"[[4.7e-05, 204.37596661]]",20,classical,,1000
precond_pen=0.400,28,14.0,204.37596660965895,0.4,2,0.2727048397064209,6.890296936035156e-05,0.0,1111111111111100000000000000,++++++++++++++--------------,0,True,"[[6.9e-05, 204.37596661]]",20,classical,,1000
precond_pen=0.600,28,14.0,204.37596660965895,0.6,2,0.24538803100585938,5.1021575927734375e-05,0.0,1111111111111100000000000000,++++++++++++++--------------,0,True,"[[5.1e-05, 204.37596661]]",20,classical,,1000
precond_pen=0.800,28,14.0,204.37596660965895,0.8,2,0.2950568199157715,0.00012683868408203125,0.0,1111111111111100000000000000,++++++++++++++--------------,0,True,"[[0.000127, 204.37596661]]",20,classical,,1000
precond_pen=1.000,28,14.0,204.37596660965895,1.0,2,0.22210907936096191,5.316734313964844e-05,0.0,1111111111111100000000000000,++++++++++++++--------------,0,True,"[[5.3e-05, 204.37596661]]",20,classical,,1000
baseline,28,164.89426128460195,164.89426128460173,,2,33.56086802482605,33.55518698692322,0.0,1010111000011001100100111001,+-+-+++----++--++--+--+++--+,0,True,"[[9.7e-05, 191.00193356], [0.014133, 188.03076115], [0.019872, 164.89426128], [33.555187, 164.89426128]]",21,classical,,1000
precond_pen=0.000,28,14.0,191.00193356252203,0.0,2,0.23714804649353027,9.179115295410156e-05,0.0,1111111111111100000000000000,++++++++++++++--------------,0,True,"[[9.2e-05, 191.00193356]]",21,classical,,1000
precond_pen=0.200,28,14.0,191.00193356252203,0.2,2,0.2813069820404053,5.507469177246094e-05,0.0,1111111111111100000000000000,++++++++++++++--------------,0,True,"[[5.5e-05, 191.00193356]]",21,classical,,1000
precond_pen=0.400,28,14.0,191.00193356252203,0.4,2,0.2834479808807373,5.078315734863281e-05,0.0,1111111111111100000000000000,++++++++++++++--------------,0,True,"[[5.1e-05, 191.00193356]]",21,classical,,1000
precond_pen=0.600,28,14.0,191.00193356252203,0.6,2,0.2695119380950928,4.410743713378906e-05,0.0,1111111111111100000000000000,++++++++++++++--------------,0,True,"[[4.4e-05, 191.00193356]]",21,classical,,1000
precond_pen=0.800,28,14.0,191.00193356252203,0.8,2,0.277785062789917,4.696846008300781e-05,0.0,1111111111111100000000000000,++++++++++++++--------------,0,True,"[[4.7e-05, 191.00193356]]",21,classical,,1000
precond_pen=1.000,28,14.0,191.00193356252203,1.0,2,0.20814800262451172,5.0067901611328125e-05,0.0,1111111111111100000000000000,++++++++++++++--------------,0,True,"[[5e-05, 191.00193356]]",21,classical,,1000
baseline,28,164.29344316580202,164.29344316580205,,2,88.06137704849243,88.04157209396362,0.0,1101100111110001000010100101,++-++--+++++---+----+-+--+-+,0,True,"[[7.6e-05, 190.42904559], [0.018356, 182.60792404], [0.020271, 179.6417527], [0.022083, 165.97202219], [0.274494, 164.29344317], [88.041572, 164.29344317]]",22,classical,,1000
precond_pen=0.000,28,14.0,190.42904559007007,0.0,2,0.29323887825012207,6.103515625e-05,0.0,1111111111111100000000000000,++++++++++++++--------------,0,True,"[[6.1e-05, 190.42904559]]",22,classical,,1000
precond_pen=0.200,28,14.0,190.42904559007007,0.2,2,0.2799530029296875,8.106231689453125e-05,0.0,1111111111111100000000000000,++++++++++++++--------------,0,True,"[[8.1e-05, 190.42904559]]",22,classical,,1000
precond_pen=0.400,28,14.0,190.42904559007007,0.4,2,0.27011609077453613,5.793571472167969e-05,0.0,1111111111111100000000000000,++++++++++++++--------------,0,True,"[[5.8e-05, 190.42904559]]",22,classical,,1000
precond_pen=0.600,28,14.0,190.42904559007007,0.6,2,0.2867000102996826,5.698204040527344e-05,0.0,1111111111111100000000000000,++++++++++++++--------------,0,True,"[[5.7e-05, 190.42904559]]",22,classical,,1000
precond_pen=0.800,28,14.0,190.42904559007007,0.8,2,0.34385108947753906,5.507469177246094e-05,0.0,1111111111111100000000000000,++++++++++++++--------------,0,True,"[[5.5e-05, 190.42904559]]",22,classical,,1000
precond_pen=1.000,28,14.0,190.42904559007007,1.0,2,0.27085208892822266,5.698204040527344e-05,0.0,1111111111111100000000000000,++++++++++++++--------------,0,True,"[[5.7e-05, 190.42904559]]",22,classical,,1000
baseline,28,173.86364117281119,173.863641172811,,2,39.02243900299072,39.010316133499146,0.0,0010100010111110110111100000,--+-+---+-+++++-++-++++-----,0,True,"[[0.00011, 200.46559804], [0.035186, 175.26224143], [0.301245, 173.86364117], [39.010316, 173.86364117]]",23,classical,,1000
precond_pen=0.000,28,14.0,200.465598038261,0.0,2,0.24072813987731934,6.103515625e-05,0.0,1111111111111100000000000000,++++++++++++++--------------,0,True,"[[6.1e-05, 200.46559804]]",23,classical,,1000
precond_pen=0.200,28,14.0,200.465598038261,0.2,2,0.2751331329345703,5.602836608886719e-05,0.0,1111111111111100000000000000,++++++++++++++--------------,0,True,"[[5.6e-05, 200.46559804]]",23,classical,,1000
precond_pen=0.400,28,14.0,200.465598038261,0.4,2,0.23137617111206055,6.723403930664062e-05,0.0,1111111111111100000000000000,++++++++++++++--------------,0,True,"[[6.7e-05, 200.46559804]]",23,classical,,1000
precond_pen=0.600,28,14.0,200.465598038261,0.6,2,0.23491621017456055,7.82012939453125e-05,0.0,1111111111111100000000000000,++++++++++++++--------------,0,True,"[[7.8e-05, 200.46559804]]",23,classical,,1000
precond_pen=0.800,28,14.0,200.465598038261,0.8,2,0.2537820339202881,5.2928924560546875e-05,0.0,1111111111111100000000000000,++++++++++++++--------------,0,True,"[[5.3e-05, 200.46559804]]",23,classical,,1000
precond_pen=1.000,28,14.0,200.465598038261,1.0,2,0.2509291172027588,4.696846008300781e-05,0.0,1111111111111100000000000000,++++++++++++++--------------,0,True,"[[4.7e-05, 200.46559804]]",23,classical,,1000
baseline,28,161.80027797472005,161.8002779747203,,2,28.61216402053833,28.606613159179688,0.0,0101110111000110001101101000,-+-+++-+++---++---++-++-+---,0,True,"[[0.00011, 192.24887735], [0.024315, 186.38488788], [0.030638, 182.68108867], [0.034775, 161.80027797], [28.606613, 161.80027797]]",24,classical,,1000
precond_pen=0.000,28,14.0,192.24887735295596,0.0,2,0.2703580856323242,5.602836608886719e-05,0.0,1111111111111100000000000000,++++++++++++++--------------,0,True,"[[5.6e-05, 192.24887735]]",24,classical,,1000
precond_pen=0.200,28,14.0,192.24887735295596,0.2,2,0.2551910877227783,5.602836608886719e-05,0.0,1111111111111100000000000000,++++++++++++++--------------,0,True,"[[5.6e-05, 192.24887735]]",24,classical,,1000
precond_pen=0.400,28,14.0,192.24887735295596,0.4,2,0.3051340579986572,5.1975250244140625e-05,0.0,1111111111111100000000000000,++++++++++++++--------------,0,True,"[[5.2e-05, 192.24887735]]",24,classical,,1000
precond_pen=0.600,28,14.0,192.24887735295596,0.6,2,0.2657291889190674,6.818771362304688e-05,0.0,1111111111111100000000000000,++++++++++++++--------------,0,True,"[[6.8e-05, 192.24887735]]",24,classical,,1000
precond_pen=0.800,28,14.0,192.24887735295596,0.8,2,0.24613380432128906,6.890296936035156e-05,0.0,1111111111111100000000000000,++++++++++++++--------------,0,True,"[[6.9e-05, 192.24887735]]",24,classical,,1000
precond_pen=1.000,28,14.0,192.24887735295596,1.0,2,0.26840806007385254,5.602836608886719e-05,0.0,1111111111111100000000000000,++++++++++++++--------------,0,True,"[[5.6e-05, 192.24887735]]",24,classical,,1000
baseline,28,174.06175570802083,174.06175570802083,,2,35.834595918655396,35.83098483085632,0.0,1101000010011110101001010110,++-+----+--++++-+-+--+-+-++-,0,True,"[[0.000132, 208.94677369], [0.0156, 203.48986253], [0.017963, 202.53155427], [0.020942, 199.72982034], [0.022886, 174.06175571], [35.830985, 174.06175571]]",25,classical,,1000
precond_pen=0.000,28,14.0,208.9467736878247,0.0,2,0.2462310791015625,5.91278076171875e-05,0.0,1111111111111100000000000000,++++++++++++++--------------,0,True,"[[5.9e-05, 208.94677369]]",25,classical,,1000
precond_pen=0.200,28,14.0,208.9467736878247,0.2,2,0.2815890312194824,5.2928924560546875e-05,0.0,1111111111111100000000000000,++++++++++++++--------------,0,True,"[[5.3e-05, 208.94677369]]",25,classical,,1000
precond_pen=0.400,28,14.0,208.9467736878247,0.4,2,0.2846560478210449,8.392333984375e-05,0.0,1111111111111100000000000000,++++++++++++++--------------,0,True,"[[8.4e-05, 208.94677369]]",25,classical,,1000
precond_pen=0.600,28,14.0,208.9467736878247,0.6,2,0.3010070323944092,7.486343383789062e-05,0.0,1111111111111100000000000000,++++++++++++++--------------,0,True,"[[7.5e-05, 208.94677369]]",25,classical,,1000
precond_pen=0.800,28,14.0,208.9467736878247,0.8,2,0.3060121536254883,5.221366882324219e-05,0.0,1111111111111100000000000000,++++++++++++++--------------,0,True,"[[5.2e-05, 208.94677369]]",25,classical,,1000
precond_pen=1.000,28,14.0,208.9467736878247,1.0,2,0.21958303451538086,5.0067901611328125e-05,0.0,1111111111111100000000000000,++++++++++++++--------------,0,True,"[[5e-05, 208.94677369]]",25,classical,,1000
baseline,28,176.07267351005612,176.0726735100558,,2,56.063745975494385,56.057008028030396,0.0,0010110110101101011100010010,--+-++-++-+-++-+-+++---+--+-,0,True,"[[4.6e-05, 198.22858224], [0.037153, 176.07267351], [56.057008, 176.07267351]]",26,classical,,1000
precond_pen=0.000,28,14.0,198.22858224472017,0.0,2,0.2862091064453125,6.103515625e-05,0.0,1111111111111100000000000000,++++++++++++++--------------,0,True,"[[6.1e-05, 198.22858224]]",26,classical,,1000
precond_pen=0.200,28,14.0,198.22858224472017,0.2,2,0.32337498664855957,8.0108642578125e-05,0.0,1111111111111100000000000000,++++++++++++++--------------,0,True,"[[8e-05, 198.22858224]]",26,classical,,1000
precond_pen=0.400,28,14.0,198.22858224472017,0.4,2,0.300692081451416,5.91278076171875e-05,0.0,1111111111111100000000000000,++++++++++++++--------------,0,True,"[[5.9e-05, 198.22858224]]",26,classical,,1000
precond_pen=0.600,28,14.0,198.22858224472017,0.6,2,0.3035922050476074,5.91278076171875e-05,0.0,1111111111111100000000000000,++++++++++++++--------------,0,True,"[[5.9e-05, 198.22858224]]",26,classical,,1000
precond_pen=0.800,28,14.0,198.22858224472017,0.8,2,0.2244889736175537,5.817413330078125e-05,0.0,1111111111111100000000000000,++++++++++++++--------------,0,True,"[[5.8e-05, 198.22858224]]",26,classical,,1000
precond_pen=1.000,28,14.0,198.22858224472017,1.0,2,0.29024600982666016,5.698204040527344e-05,0.0,1111111111111100000000000000,++++++++++++++--------------,0,True,"[[5.7e-05, 198.22858224]]",26,classical,,1000
baseline,28,177.85045641016814,177.85045641016782,,2,48.921936988830566,48.9135308265686,0.0,1110111100001010100101100001,+++-++++----+-+-+--+-++----+,0,True,"[[9.3e-05, 207.72741462], [0.022358, 198.49154657], [0.023868, 177.85045641], [48.913531, 177.85045641]]",27,classical,,1000
precond_pen=0.000,28,14.0,207.72741462378187,0.0,2,0.2704920768737793,6.508827209472656e-05,0.0,1111111111111100000000000000,++++++++++++++--------------,0,True,"[[6.5e-05, 207.72741462]]",27,classical,,1000
precond_pen=0.200,28,14.0,207.72741462378187,0.2,2,0.286405086517334,7.295608520507812e-05,0.0,1111111111111100000000000000,++++++++++++++--------------,0,True,"[[7.3e-05, 207.72741462]]",27,classical,,1000
precond_pen=0.400,28,14.0,207.72741462378187,0.4,2,0.24680805206298828,5.602836608886719e-05,0.0,1111111111111100000000000000,++++++++++++++--------------,0,True,"[[5.6e-05, 207.72741462]]",27,classical,,1000
precond_pen=0.600,28,14.0,207.72741462378187,0.6,2,-2.107235908508301,5.412101745605469e-05,0.0,1111111111111100000000000000,++++++++++++++--------------,0,True,"[[5.4e-05, 207.72741462]]",27,classical,,1000
precond_pen=0.800,28,14.0,207.72741462378187,0.8,2,0.42508912086486816,6.914138793945312e-05,0.0,1111111111111100000000000000,++++++++++++++--------------,0,True,"[[6.9e-05, 207.72741462]]",27,classical,,1000
precond_pen=1.000,28,14.0,207.72741462378187,1.0,2,0.42990589141845703,9.584426879882812e-05,0.0,1111111111111100000000000000,++++++++++++++--------------,0,True,"[[9.6e-05, 207.72741462]]",27,classical,,1000
baseline,28,187.1371085874458,187.13710858744588,,2,52.71310496330261,52.70692491531372,0.0,1011010101101111000100010001,+-++-+-+-++-++++---+---+---+,0,True,"[[6.3e-05, 207.32000238], [0.019391, 187.13710859], [52.706925, 187.13710859]]",28,classical,,1000
precond_pen=0.000,28,14.0,207.32000237754383,0.0,2,0.27706098556518555,6.29425048828125e-05,0.0,1111111111111100000000000000,++++++++++++++--------------,0,True,"[[6.3e-05, 207.32000238]]",28,classical,,1000
precond_pen=0.200,28,14.0,207.32000237754383,0.2,2,0.2326819896697998,5.412101745605469e-05,0.0,1111111111111100000000000000,++++++++++++++--------------,0,True,"[[5.4e-05, 207.32000238]]",28,classical,,1000
precond_pen=0.400,28,14.0,207.32000237754383,0.4,2,0.26258397102355957,5.1021575927734375e-05,0.0,1111111111111100000000000000,++++++++++++++--------------,0,True,"[[5.1e-05, 207.32000238]]",28,classical,,1000
precond_pen=0.600,28,14.0,207.32000237754383,0.6,2,0.308089017868042,6.699562072753906e-05,0.0,1111111111111100000000000000,++++++++++++++--------------,0,True,"[[6.7e-05, 207.32000238]]",28,classical,,1000
precond_pen=0.800,28,14.0,207.32000237754383,0.8,2,0.21826720237731934,5.3882598876953125e-05,0.0,1111111111111100000000000000,++++++++++++++--------------,0,True,"[[5.4e-05, 207.32000238]]",28,classical,,1000
precond_pen=1.000,28,14.0,207.32000237754383,1.0,2,0.26895809173583984,5.698204040527344e-05,0.0,1111111111111100000000000000,++++++++++++++--------------,0,True,"[[5.7e-05, 207.32000238]]",28,classical,,1000
baseline,28,168.6271222670059,168.6271222670061,,2,39.802546977996826,39.78387093544006,0.0,1001001000011101101011110010,+--+--+----+++-++-+-++++--+-,0,True,"[[0.00015, 195.46678777], [0.01937, 194.12064767], [0.024333, 191.33879658], [0.028649, 169.60871974], [17.843898, 168.62712227], [39.783871, 168.62712227]]",29,classical,,1000
precond_pen=0.000,28,14.0,195.46678777060777,0.0,2,0.28649187088012695,5.888938903808594e-05,0.0,1111111111111100000000000000,++++++++++++++--------------,0,True,"[[5.9e-05, 195.46678777]]",29,classical,,1000
precond_pen=0.200,28,14.0,195.46678777060777,0.2,2,0.26581382751464844,5.2928924560546875e-05,0.0,1111111111111100000000000000,++++++++++++++--------------,0,True,"[[5.3e-05, 195.46678777]]",29,classical,,1000
precond_pen=0.400,28,14.0,195.46678777060777,0.4,2,0.24191498756408691,4.696846008300781e-05,0.0,1111111111111100000000000000,++++++++++++++--------------,0,True,"[[4.7e-05, 195.46678777]]",29,classical,,1000
precond_pen=0.600,28,14.0,195.46678777060777,0.6,2,0.21225214004516602,4.696846008300781e-05,0.0,1111111111111100000000000000,++++++++++++++--------------,0,True,"[[4.7e-05, 195.46678777]]",29,classical,,1000
precond_pen=0.800,28,14.0,195.46678777060777,0.8,2,0.25342798233032227,4.9114227294921875e-05,0.0,1111111111111100000000000000,++++++++++++++--------------,0,True,"[[4.9e-05, 195.46678777]]",29,classical,,1000
precond_pen=1.000,28,14.0,195.46678777060777,1.0,2,0.2389068603515625,5.4836273193359375e-05,0.0,1111111111111100000000000000,++++++++++++++--------------,0,True,"[[5.5e-05, 195.46678777]]",29,classical,,1000
baseline,28,168.62128017048306,168.62128017048295,,2,31.81515622138977,31.8107271194458,0.0,1010010110100110101010100101,+-+--+-++-+--++-+-+-+-+--+-+,0,True,"[[4.7e-05, 200.02265707], [0.019929, 196.5056399], [0.026445, 169.96933773], [0.250441, 168.62128017], [31.810727, 168.62128017]]",30,classical,,1000
precond_pen=0.000,28,14.0,200.02265706599687,0.0,2,0.27309107780456543,0.00031685829162597656,0.0,1111111111111100000000000000,++++++++++++++--------------,0,True,"[[0.000317, 200.02265707]]",30,classical,,1000
precond_pen=0.200,28,14.0,200.02265706599687,0.2,2,0.21170783042907715,5.2928924560546875e-05,0.0,1111111111111100000000000000,++++++++++++++--------------,0,True,"[[5.3e-05, 200.02265707]]",30,classical,,1000
precond_pen=0.400,28,14.0,200.02265706599687,0.4,2,0.2072429656982422,5.2928924560546875e-05,0.0,1111111111111100000000000000,++++++++++++++--------------,0,True,"[[5.3e-05, 200.02265707]]",30,classical,,1000
precond_pen=0.600,28,14.0,200.02265706599687,0.6,2,0.2244400978088379,5.1021575927734375e-05,0.0,1111111111111100000000000000,++++++++++++++--------------,0,True,"[[5.1e-05, 200.02265707]]",30,classical,,1000
precond_pen=0.800,28,14.0,200.02265706599687,0.8,2,0.24924302101135254,5.1021575927734375e-05,0.0,1111111111111100000000000000,++++++++++++++--------------,0,True,"[[5.1e-05, 200.02265707]]",30,classical,,1000
precond_pen=1.000,28,14.0,200.02265706599687,1.0,2,0.21562814712524414,4.8160552978515625e-05,0.0,1111111111111100000000000000,++++++++++++++--------------,0,True,"[[4.8e-05, 200.02265707]]",30,classical,,1000
baseline,28,169.8086621533619,169.80866215336187,,2,32.18106198310852,32.17808794975281,0.0,1101010100011110110001000110,++-+-+-+---++++-++---+---++-,0,True,"[[5.9e-05, 205.5701103], [0.012393, 200.59297928], [0.016497, 193.67412566], [0.018934, 171.74966457], [0.20778, 169.87942357], [17.521569, 169.80866215], [32.178088, 169.80866215]]",31,classical,,1000
precond_pen=0.000,28,14.0,205.5701103009361,0.0,2,0.2711169719696045,6.008148193359375e-05,0.0,1111111111111100000000000000,++++++++++++++--------------,0,True,"[[6e-05, 205.5701103]]",31,classical,,1000
precond_pen=0.200,28,14.0,205.5701103009361,0.2,2,0.2558000087738037,5.1021575927734375e-05,0.0,1111111111111100000000000000,++++++++++++++--------------,0,True,"[[5.1e-05, 205.5701103]]",31,classical,,1000
precond_pen=0.400,28,14.0,205.5701103009361,0.4,2,0.1839160919189453,4.696846008300781e-05,0.0,1111111111111100000000000000,++++++++++++++--------------,0,True,"[[4.7e-05, 205.5701103]]",31,classical,,1000
precond_pen=0.600,28,14.0,205.5701103009361,0.6,2,0.22998881340026855,4.982948303222656e-05,0.0,1111111111111100000000000000,++++++++++++++--------------,0,True,"[[5e-05, 205.5701103]]",31,classical,,1000
precond_pen=0.800,28,14.0,205.5701103009361,0.8,2,0.22174406051635742,5.316734313964844e-05,0.0,1111111111111100000000000000,++++++++++++++--------------,0,True,"[[5.3e-05, 205.5701103]]",31,classical,,1000
precond_pen=1.000,28,14.0,205.5701103009361,1.0,2,0.1881871223449707,5.2928924560546875e-05,0.0,1111111111111100000000000000,++++++++++++++--------------,0,True,"[[5.3e-05, 205.5701103]]",31,classical,,1000
baseline,28,157.21731768607026,157.21731768606995,,2,18.683585166931152,0.022909164428710938,0.0,1100000111001111100001001110,++-----+++--+++++----+--+++-,0,True,"[[9.4e-05, 180.24853285], [0.02148, 179.89685364], [0.022909, 157.21731769]]",32,classical,,1000
precond_pen=0.000,28,14.0,180.24853285343207,0.0,2,0.24375605583190918,6.198883056640625e-05,0.0,1111111111111100000000000000,++++++++++++++--------------,0,True,"[[6.2e-05, 180.24853285]]",32,classical,,1000
precond_pen=0.200,28,14.0,180.24853285343207,0.2,2,0.22006893157958984,5.1021575927734375e-05,0.0,1111111111111100000000000000,++++++++++++++--------------,0,True,"[[5.1e-05, 180.24853285]]",32,classical,,1000
precond_pen=0.400,28,14.0,180.24853285343207,0.4,2,0.1968090534210205,8.20159912109375e-05,0.0,1111111111111100000000000000,++++++++++++++--------------,0,True,"[[8.2e-05, 180.24853285]]",32,classical,,1000
precond_pen=0.600,28,14.0,180.24853285343207,0.6,2,0.26371002197265625,5.507469177246094e-05,0.0,1111111111111100000000000000,++++++++++++++--------------,0,True,"[[5.5e-05, 180.24853285]]",32,classical,,1000
precond_pen=0.800,28,14.0,180.24853285343207,0.8,2,0.23942279815673828,4.982948303222656e-05,0.0,1111111111111100000000000000,++++++++++++++--------------,0,True,"[[5e-05, 180.24853285]]",32,classical,,1000
precond_pen=1.000,28,14.0,180.24853285343207,1.0,2,0.17861008644104004,4.792213439941406e-05,0.0,1111111111111100000000000000,++++++++++++++--------------,0,True,"[[4.8e-05, 180.24853285]]",32,classical,,1000
baseline,28,160.26302425626795,160.263024256268,,2,30.342818021774292,30.33612608909607,0.0,1011000110101110010010011100,+-++---++-+-+++--+--+--+++--,0,True,"[[7.6e-05, 190.25956597], [0.016886, 185.68469867], [0.022778, 160.26302426], [30.336126, 160.26302426]]",33,classical,,1000
precond_pen=0.000,28,14.0,190.25956597041414,0.0,2,0.2365570068359375,6.389617919921875e-05,0.0,1111111111111100000000000000,++++++++++++++--------------,0,True,"[[6.4e-05, 190.25956597]]",33,classical,,1000
precond_pen=0.200,28,14.0,190.25956597041414,0.2,2,0.25562596321105957,5.1975250244140625e-05,0.0,1111111111111100000000000000,++++++++++++++--------------,0,True,"[[5.2e-05, 190.25956597]]",33,classical,,1000
precond_pen=0.400,28,14.0,190.25956597041414,0.4,2,0.20862507820129395,5.1975250244140625e-05,0.0,1111111111111100000000000000,++++++++++++++--------------,0,True,"[[5.2e-05, 190.25956597]]",33,classical,,1000
precond_pen=0.600,28,14.0,190.25956597041414,0.6,2,0.2749321460723877,5.1021575927734375e-05,0.0,1111111111111100000000000000,++++++++++++++--------------,0,True,"[[5.1e-05, 190.25956597]]",33,classical,,1000
precond_pen=0.800,28,14.0,190.25956597041414,0.8,2,0.2005751132965088,4.506111145019531e-05,0.0,1111111111111100000000000000,++++++++++++++--------------,0,True,"[[4.5e-05, 190.25956597]]",33,classical,,1000
precond_pen=1.000,28,14.0,190.25956597041414,1.0,2,0.20893001556396484,4.982948303222656e-05,0.0,1111111111111100000000000000,++++++++++++++--------------,0,True,"[[5e-05, 190.25956597]]",33,classical,,1000
baseline,28,171.696352254249,171.69635225424906,,2,27.892205953598022,27.888524055480957,0.0,0001010110101011001001101011,---+-+-++-+-+-++--+--++-+-++,0,True,"[[0.000107, 191.78740851], [0.017748, 189.23563495], [0.02313, 178.32108276], [0.217362, 171.69635225], [27.888524, 171.69635225]]",34,classical,,1000
precond_pen=0.000,28,14.0,191.78740851129504,0.0,2,0.23786187171936035,5.984306335449219e-05,0.0,1111111111111100000000000000,++++++++++++++--------------,0,True,"[[6e-05, 191.78740851]]",34,classical,,1000
precond_pen=0.200,28,14.0,191.78740851129504,0.2,2,0.2196669578552246,5.4836273193359375e-05,0.0,1111111111111100000000000000,++++++++++++++--------------,0,True,"[[5.5e-05, 191.78740851]]",34,classical,,1000
precond_pen=0.400,28,14.0,191.78740851129504,0.4,2,0.21687984466552734,6.794929504394531e-05,0.0,1111111111111100000000000000,++++++++++++++--------------,0,True,"[[6.8e-05, 191.78740851]]",34,classical,,1000
precond_pen=0.600,28,14.0,191.78740851129504,0.6,2,0.21321892738342285,9.584426879882812e-05,0.0,1111111111111100000000000000,++++++++++++++--------------,0,True,"[[9.6e-05, 191.78740851]]",34,classical,,1000
precond_pen=0.800,28,14.0,191.78740851129504,0.8,2,0.2082509994506836,5.2928924560546875e-05,0.0,1111111111111100000000000000,++++++++++++++--------------,0,True,"[[5.3e-05, 191.78740851]]",34,classical,,1000
precond_pen=1.000,28,14.0,191.78740851129504,1.0,2,0.20382905006408691,5.698204040527344e-05,0.0,1111111111111100000000000000,++++++++++++++--------------,0,True,"[[5.7e-05, 191.78740851]]",34,classical,,1000
baseline,28,161.4110705322529,161.41107053225315,,2,24.774657011032104,24.771536111831665,0.0,1001110011100000001110011101,+--+++--+++-------+++--+++-+,0,True,"[[9.1e-05, 189.53822007], [0.053268, 165.89615529], [0.298631, 161.41107053], [24.771536, 161.41107053]]",35,classical,,1000
precond_pen=0.000,28,14.0,189.53822006900717,0.0,2,0.28189897537231445,7.009506225585938e-05,0.0,1111111111111100000000000000,++++++++++++++--------------,0,True,"[[7e-05, 189.53822007]]",35,classical,,1000
precond_pen=0.200,28,14.0,189.53822006900717,0.2,2,0.23875117301940918,5.316734313964844e-05,0.0,1111111111111100000000000000,++++++++++++++--------------,0,True,"[[5.3e-05, 189.53822007]]",35,classical,,1000
precond_pen=0.400,28,14.0,189.53822006900717,0.4,2,0.22126197814941406,5.316734313964844e-05,0.0,1111111111111100000000000000,++++++++++++++--------------,0,True,"[[5.3e-05, 189.53822007]]",35,classical,,1000
precond_pen=0.600,28,14.0,189.53822006900717,0.6,2,0.2722649574279785,7.510185241699219e-05,0.0,1111111111111100000000000000,++++++++++++++--------------,0,True,"[[7.5e-05, 189.53822007]]",35,classical,,1000
precond_pen=0.800,28,14.0,189.53822006900717,0.8,2,0.17816805839538574,4.7206878662109375e-05,0.0,1111111111111100000000000000,++++++++++++++--------------,0,True,"[[4.7e-05, 189.53822007]]",35,classical,,1000
precond_pen=1.000,28,14.0,189.53822006900717,1.0,2,0.21832799911499023,5.1975250244140625e-05,0.0,1111111111111100000000000000,++++++++++++++--------------,0,True,"[[5.2e-05, 189.53822007]]",35,classical,,1000
baseline,28,161.330726236272,161.3307262362717,,2,39.12046980857849,39.11354398727417,0.0,1101011110101100101110000000,++-+-++++-+-++--+-+++-------,0,True,"[[0.000119, 187.26178082], [0.026107, 161.33072624], [39.113544, 161.33072624]]",36,classical,,1000
precond_pen=0.000,28,14.0,187.26178081919994,0.0,2,0.2878851890563965,6.008148193359375e-05,0.0,1111111111111100000000000000,++++++++++++++--------------,0,True,"[[6e-05, 187.26178082]]",36,classical,,1000
precond_pen=0.200,28,14.0,187.26178081919994,0.2,2,0.28058695793151855,5.602836608886719e-05,0.0,1111111111111100000000000000,++++++++++++++--------------,0,True,"[[5.6e-05, 187.26178082]]",36,classical,,1000
precond_pen=0.400,28,14.0,187.26178081919994,0.4,2,0.23899507522583008,6.008148193359375e-05,0.0,1111111111111100000000000000,++++++++++++++--------------,0,True,"[[6e-05, 187.26178082]]",36,classical,,1000
precond_pen=0.600,28,14.0,187.26178081919994,0.6,2,0.26650285720825195,5.2928924560546875e-05,0.0,1111111111111100000000000000,++++++++++++++--------------,0,True,"[[5.3e-05, 187.26178082]]",36,classical,,1000
precond_pen=0.800,28,14.0,187.26178081919994,0.8,2,0.28160786628723145,8.893013000488281e-05,0.0,1111111111111100000000000000,++++++++++++++--------------,0,True,"[[8.9e-05, 187.26178082]]",36,classical,,1000
precond_pen=1.000,28,14.0,187.26178081919994,1.0,2,0.2531929016113281,5.698204040527344e-05,0.0,1111111111111100000000000000,++++++++++++++--------------,0,True,"[[5.7e-05, 187.26178082]]",36,classical,,1000
baseline,28,158.094534300616,158.09453430061615,,2,18.9741370677948,18.969511032104492,0.0,0010111011001110100100001011,--+-+++-++--+++-+--+----+-++,0,True,"[[8.3e-05, 186.82195133], [0.016315, 179.12888982], [0.017745, 178.73657304], [0.019652, 158.0945343], [18.969511, 158.0945343]]",37,classical,,1000
precond_pen=0.000,28,14.0,186.82195133475204,0.0,2,0.264847993850708,7.581710815429688e-05,0.0,1111111111111100000000000000,++++++++++++++--------------,0,True,"[[7.6e-05, 186.82195133]]",37,classical,,1000
precond_pen=0.200,28,14.0,186.82195133475204,0.2,2,0.25832700729370117,5.4836273193359375e-05,0.0,1111111111111100000000000000,++++++++++++++--------------,0,True,"[[5.5e-05, 186.82195133]]",37,classical,,1000
precond_pen=0.400,28,14.0,186.82195133475204,0.4,2,0.3086998462677002,9.679794311523438e-05,0.0,1111111111111100000000000000,++++++++++++++--------------,0,True,"[[9.7e-05, 186.82195133]]",37,classical,,1000
precond_pen=0.600,28,14.0,186.82195133475204,0.6,2,0.24252009391784668,6.508827209472656e-05,0.0,1111111111111100000000000000,++++++++++++++--------------,0,True,"[[6.5e-05, 186.82195133]]",37,classical,,1000
precond_pen=0.800,28,14.0,186.82195133475204,0.8,2,0.20399212837219238,5.507469177246094e-05,0.0,1111111111111100000000000000,++++++++++++++--------------,0,True,"[[5.5e-05, 186.82195133]]",37,classical,,1000
precond_pen=1.000,28,14.0,186.82195133475204,1.0,2,0.21332502365112305,5.602836608886719e-05,0.0,1111111111111100000000000000,++++++++++++++--------------,0,True,"[[5.6e-05, 186.82195133]]",37,classical,,1000
baseline,28,160.1900620418052,160.19006204180488,,2,27.367411851882935,27.363772869110107,0.0,1000010111100101100001101011,+----+-++++--+-++----++-+-++,0,True,"[[8.9e-05, 188.89697337], [0.014298, 186.94539419], [0.015671, 186.91907382], [0.017893, 164.87811409], [11.843496, 163.88134137], [13.500169, 162.41227885], [16.498756, 160.19006204], [27.363773, 160.19006204]]",38,classical,,1000
precond_pen=0.000,28,14.0,188.8969733674411,0.0,2,0.21842694282531738,6.103515625e-05,0.0,1111111111111100000000000000,++++++++++++++--------------,0,True,"[[6.1e-05, 188.89697337]]",38,classical,,1000
precond_pen=0.200,28,14.0,188.8969733674411,0.2,2,0.23315095901489258,5.602836608886719e-05,0.0,1111111111111100000000000000,++++++++++++++--------------,0,True,"[[5.6e-05, 188.89697337]]",38,classical,,1000
precond_pen=0.400,28,14.0,188.8969733674411,0.4,2,0.27495813369750977,5.1975250244140625e-05,0.0,1111111111111100000000000000,++++++++++++++--------------,0,True,"[[5.2e-05, 188.89697337]]",38,classical,,1000
precond_pen=0.600,28,14.0,188.8969733674411,0.6,2,0.2561788558959961,5.984306335449219e-05,0.0,1111111111111100000000000000,++++++++++++++--------------,0,True,"[[6e-05, 188.89697337]]",38,classical,,1000
precond_pen=0.800,28,14.0,188.8969733674411,0.8,2,0.23220014572143555,4.696846008300781e-05,0.0,1111111111111100000000000000,++++++++++++++--------------,0,True,"[[4.7e-05, 188.89697337]]",38,classical,,1000
precond_pen=1.000,28,14.0,188.8969733674411,1.0,2,0.20036697387695312,4.887580871582031e-05,0.0,1111111111111100000000000000,++++++++++++++--------------,0,True,"[[4.9e-05, 188.89697337]]",38,classical,,1000
baseline,28,170.5863814971919,170.58638149719218,,2,32.80327010154724,32.79886198043823,0.0,1100111010111000111100000001,++--+++-+-+++---++++-------+,0,True,"[[9.4e-05, 200.39614847], [0.018916, 170.5863815], [32.798862, 170.5863815]]",39,classical,,1000
precond_pen=0.000,28,14.0,200.39614847351191,0.0,2,0.2599308490753174,5.888938903808594e-05,0.0,1111111111111100000000000000,++++++++++++++--------------,0,True,"[[5.9e-05, 200.39614847]]",39,classical,,1000
precond_pen=0.200,28,14.0,200.39614847351191,0.2,2,0.277148962020874,5.1975250244140625e-05,0.0,1111111111111100000000000000,++++++++++++++--------------,0,True,"[[5.2e-05, 200.39614847]]",39,classical,,1000
precond_pen=0.400,28,14.0,200.39614847351191,0.4,2,0.22141599655151367,5.1975250244140625e-05,0.0,1111111111111100000000000000,++++++++++++++--------------,0,True,"[[5.2e-05, 200.39614847]]",39,classical,,1000
precond_pen=0.600,28,14.0,200.39614847351191,0.6,2,0.24995684623718262,5.793571472167969e-05,0.0,1111111111111100000000000000,++++++++++++++--------------,0,True,"[[5.8e-05, 200.39614847]]",39,classical,,1000
precond_pen=0.800,28,14.0,200.39614847351191,0.8,2,0.22743010520935059,5.1021575927734375e-05,0.0,1111111111111100000000000000,++++++++++++++--------------,0,True,"[[5.1e-05, 200.39614847]]",39,classical,,1000
precond_pen=1.000,28,14.0,200.39614847351191,1.0,2,0.26241183280944824,8.392333984375e-05,0.0,1111111111111100000000000000,++++++++++++++--------------,0,True,"[[8.4e-05, 200.39614847]]",39,classical,,1000
baseline,28,168.70974555732,168.7097455573197,,2,41.70299696922302,41.69602084159851,0.0,1110011000010110101110000110,+++--++----+-++-+-+++----++-,0,True,"[[9.9e-05, 197.01518744], [0.024116, 196.91269363], [0.02568, 170.15739719], [0.246653, 169.11585902], [18.213095, 168.70974556], [41.696021, 168.70974556]]",40,classical,,1000
precond_pen=0.000,28,14.0,197.01518744035394,0.0,2,0.24141812324523926,7.200241088867188e-05,0.0,1111111111111100000000000000,++++++++++++++--------------,0,True,"[[7.2e-05, 197.01518744]]",40,classical,,1000
precond_pen=0.200,28,14.0,197.01518744035394,0.2,2,0.2781400680541992,6.198883056640625e-05,0.0,1111111111111100000000000000,++++++++++++++--------------,0,True,"[[6.2e-05, 197.01518744]]",40,classical,,1000
precond_pen=0.400,28,14.0,197.01518744035394,0.4,2,0.23253417015075684,4.982948303222656e-05,0.0,1111111111111100000000000000,++++++++++++++--------------,0,True,"[[5e-05, 197.01518744]]",40,classical,,1000
precond_pen=0.600,28,14.0,197.01518744035394,0.6,2,0.23418498039245605,4.792213439941406e-05,0.0,1111111111111100000000000000,++++++++++++++--------------,0,True,"[[4.8e-05, 197.01518744]]",40,classical,,1000
precond_pen=0.800,28,14.0,197.01518744035394,0.8,2,0.2328779697418213,4.887580871582031e-05,0.0,1111111111111100000000000000,++++++++++++++--------------,0,True,"[[4.9e-05, 197.01518744]]",40,classical,,1000
precond_pen=1.000,28,14.0,197.01518744035394,1.0,2,0.2733910083770752,8.606910705566406e-05,0.0,1111111111111100000000000000,++++++++++++++--------------,0,True,"[[8.6e-05, 197.01518744]]",40,classical,,1000
baseline,28,177.84411758246208,177.8441175824623,,2,40.69370102882385,40.68982696533203,0.0,1001101101011001110000000111,+--++-++-+-++--+++-------+++,0,True,"[[8.1e-05, 199.10912158], [0.018583, 181.20750419], [0.302816, 178.75390209], [1.88067, 178.73127509], [2.552339, 178.09044128], [2.957448, 177.93862857], [12.989404, 177.84411758], [40.689827, 177.84411758]]",41,classical,,1000
precond_pen=0.000,28,14.0,199.10912158115994,0.0,2,0.23383808135986328,6.198883056640625e-05,0.0,1111111111111100000000000000,++++++++++++++--------------,0,True,"[[6.2e-05, 199.10912158]]",41,classical,,1000
precond_pen=0.200,28,14.0,199.10912158115994,0.2,2,0.22950983047485352,5.4836273193359375e-05,0.0,1111111111111100000000000000,++++++++++++++--------------,0,True,"[[5.5e-05, 199.10912158]]",41,classical,,1000
precond_pen=0.400,28,14.0,199.10912158115994,0.4,2,0.2682480812072754,5.507469177246094e-05,0.0,1111111111111100000000000000,++++++++++++++--------------,0,True,"[[5.5e-05, 199.10912158]]",41,classical,,1000
precond_pen=0.600,28,14.0,199.10912158115994,0.6,2,0.2058429718017578,4.696846008300781e-05,0.0,1111111111111100000000000000,++++++++++++++--------------,0,True,"[[4.7e-05, 199.10912158]]",41,classical,,1000
precond_pen=0.800,28,14.0,199.10912158115994,0.8,2,0.20703387260437012,4.696846008300781e-05,0.0,1111111111111100000000000000,++++++++++++++--------------,0,True,"[[4.7e-05, 199.10912158]]",41,classical,,1000
precond_pen=1.000,28,14.0,199.10912158115994,1.0,2,0.2139890193939209,5.2928924560546875e-05,0.0,1111111111111100000000000000,++++++++++++++--------------,0,True,"[[5.3e-05, 199.10912158]]",41,classical,,1000
baseline,28,167.32008674962717,167.32008674962708,,2,44.18938088417053,44.18476605415344,0.0,0001001111110000011001100111,---+--++++++-----++--++--+++,0,True,"[[0.000154, 186.6096884], [0.023546, 168.62482093], [1.291828, 168.52695443], [2.731008, 167.68706517], [33.374584, 167.32008675], [44.184766, 167.32008675]]",42,classical,,1000
precond_pen=0.000,28,14.0,186.6096883974912,0.0,2,0.2736060619354248,0.00010919570922851562,0.0,1111111111111100000000000000,++++++++++++++--------------,0,True,"[[0.000109, 186.6096884]]",42,classical,,1000
precond_pen=0.200,28,14.0,186.6096883974912,0.2,2,0.2859370708465576,5.1975250244140625e-05,0.0,1111111111111100000000000000,++++++++++++++--------------,0,True,"[[5.2e-05, 186.6096884]]",42,classical,,1000
precond_pen=0.400,28,14.0,186.6096883974912,0.4,2,0.19417500495910645,4.601478576660156e-05,0.0,1111111111111100000000000000,++++++++++++++--------------,0,True,"[[4.6e-05, 186.6096884]]",42,classical,,1000
precond_pen=0.600,28,14.0,186.6096883974912,0.6,2,0.2660520076751709,5.0067901611328125e-05,0.0,1111111111111100000000000000,++++++++++++++--------------,0,True,"[[5e-05, 186.6096884]]",42,classical,,1000
precond_pen=0.800,28,14.0,186.6096883974912,0.8,2,0.2349088191986084,4.696846008300781e-05,0.0,1111111111111100000000000000,++++++++++++++--------------,0,True,"[[4.7e-05, 186.6096884]]",42,classical,,1000
precond_pen=1.000,28,14.0,186.6096883974912,1.0,2,0.21649885177612305,6.389617919921875e-05,0.0,1111111111111100000000000000,++++++++++++++--------------,0,True,"[[6.4e-05, 186.6096884]]",42,classical,,1000
baseline,28,166.26714621420618,166.2671462142061,,2,31.784021854400635,31.778028964996338,0.0,0111001010100010110001110011,-+++--+-+-+---+-++---+++--++,0,True,"[[7.1e-05, 197.12455308], [0.026118, 195.63786144], [0.034281, 190.12915366], [0.036213, 190.07987682], [0.038742, 166.26714621], [31.778029, 166.26714621]]",43,classical,,1000
precond_pen=0.000,28,14.0,197.124553080826,0.0,2,0.2651650905609131,6.699562072753906e-05,0.0,1111111111111100000000000000,++++++++++++++--------------,0,True,"[[6.7e-05, 197.12455308]]",43,classical,,1000
precond_pen=0.200,28,14.0,197.124553080826,0.2,2,0.27492403984069824,5.3882598876953125e-05,0.0,1111111111111100000000000000,++++++++++++++--------------,0,True,"[[5.4e-05, 197.12455308]]",43,classical,,1000
precond_pen=0.400,28,14.0,197.124553080826,0.4,2,0.22719788551330566,5.2928924560546875e-05,0.0,1111111111111100000000000000,++++++++++++++--------------,0,True,"[[5.3e-05, 197.12455308]]",43,classical,,1000
precond_pen=0.600,28,14.0,197.124553080826,0.6,2,0.243027925491333,5.2928924560546875e-05,0.0,1111111111111100000000000000,++++++++++++++--------------,0,True,"[[5.3e-05, 197.12455308]]",43,classical,,1000
precond_pen=0.800,28,14.0,197.124553080826,0.8,2,0.22943711280822754,0.00030612945556640625,0.0,1111111111111100000000000000,++++++++++++++--------------,0,True,"[[0.000306, 197.12455308]]",43,classical,,1000
precond_pen=1.000,28,14.0,197.124553080826,1.0,2,0.23862195014953613,5.602836608886719e-05,0.0,1111111111111100000000000000,++++++++++++++--------------,0,True,"[[5.6e-05, 197.12455308]]",43,classical,,1000
baseline,28,161.22225038190803,161.2222503819082,,2,22.60242986679077,22.592591047286987,0.0,1010000101110111001000110011,+-+----+-+++-+++--+---++--++,0,True,"[[8.6e-05, 189.84504944], [0.018425, 183.38633566], [0.020368, 182.9606155], [0.02296, 161.22225038], [22.592591, 161.22225038]]",44,classical,,1000
precond_pen=0.000,28,14.0,189.84504943829396,0.0,2,0.2505509853363037,6.103515625e-05,0.0,1111111111111100000000000000,++++++++++++++--------------,0,True,"[[6.1e-05, 189.84504944]]",44,classical,,1000
precond_pen=0.200,28,14.0,189.84504943829396,0.2,2,0.23921799659729004,6.389617919921875e-05,0.0,1111111111111100000000000000,++++++++++++++--------------,0,True,"[[6.4e-05, 189.84504944]]",44,classical,,1000
precond_pen=0.400,28,14.0,189.84504943829396,0.4,2,0.24016404151916504,6.103515625e-05,0.0,1111111111111100000000000000,++++++++++++++--------------,0,True,"[[6.1e-05, 189.84504944]]",44,classical,,1000
precond_pen=0.600,28,14.0,189.84504943829396,0.6,2,0.250424861907959,8.487701416015625e-05,0.0,1111111111111100000000000000,++++++++++++++--------------,0,True,"[[8.5e-05, 189.84504944]]",44,classical,,1000
precond_pen=0.800,28,14.0,189.84504943829396,0.8,2,0.19606804847717285,5.2928924560546875e-05,0.0,1111111111111100000000000000,++++++++++++++--------------,0,True,"[[5.3e-05, 189.84504944]]",44,classical,,1000
precond_pen=1.000,28,14.0,189.84504943829396,1.0,2,0.20653200149536133,6.318092346191406e-05,0.0,1111111111111100000000000000,++++++++++++++--------------,0,True,"[[6.3e-05, 189.84504944]]",44,classical,,1000
baseline,28,167.39843630694406,167.39843630694392,,2,21.878736972808838,21.87521505355835,0.0,1011011100011100001100010101,+-++-+++---+++----++---+-+-+,0,True,"[[5.1e-05, 191.72589128], [0.018354, 168.13929938], [7.902928, 167.39843631], [21.875215, 167.39843631]]",45,classical,,1000
precond_pen=0.000,28,14.0,191.72589127935797,0.0,2,0.2538869380950928,6.389617919921875e-05,0.0,1111111111111100000000000000,++++++++++++++--------------,0,True,"[[6.4e-05, 191.72589128]]",45,classical,,1000
precond_pen=0.200,28,14.0,191.72589127935797,0.2,2,0.24677681922912598,5.5789947509765625e-05,0.0,1111111111111100000000000000,++++++++++++++--------------,0,True,"[[5.6e-05, 191.72589128]]",45,classical,,1000
precond_pen=0.400,28,14.0,191.72589127935797,0.4,2,0.2310178279876709,5.3882598876953125e-05,0.0,1111111111111100000000000000,++++++++++++++--------------,0,True,"[[5.4e-05, 191.72589128]]",45,classical,,1000
precond_pen=0.600,28,14.0,191.72589127935797,0.6,2,0.2551538944244385,9.989738464355469e-05,0.0,1111111111111100000000000000,++++++++++++++--------------,0,True,"[[0.0001, 191.72589128]]",45,classical,,1000
precond_pen=0.800,28,14.0,191.72589127935797,0.8,2,0.24170804023742676,4.601478576660156e-05,0.0,1111111111111100000000000000,++++++++++++++--------------,0,True,"[[4.6e-05, 191.72589128]]",45,classical,,1000
precond_pen=1.000,28,14.0,191.72589127935797,1.0,2,0.23121309280395508,4.601478576660156e-05,0.0,1111111111111100000000000000,++++++++++++++--------------,0,True,"[[4.6e-05, 191.72589128]]",45,classical,,1000
baseline,28,157.11188936547697,157.11188936547674,,2,18.499594926834106,18.49426507949829,0.0,1100111011100001010010100110,++--+++-+++----+-+--+-+--++-,0,True,"[[6.8e-05, 176.15312436], [0.018982, 173.32130903], [0.02126, 172.37896956], [0.025413, 157.11188937], [18.494265, 157.11188937]]",46,classical,,1000
precond_pen=0.000,28,14.0,176.15312436362896,0.0,2,0.24370408058166504,6.008148193359375e-05,0.0,1111111111111100000000000000,++++++++++++++--------------,0,True,"[[6e-05, 176.15312436]]",46,classical,,1000
precond_pen=0.200,28,14.0,176.15312436362896,0.2,2,0.23903298377990723,6.103515625e-05,0.0,1111111111111100000000000000,++++++++++++++--------------,0,True,"[[6.1e-05, 176.15312436]]",46,classical,,1000
precond_pen=0.400,28,14.0,176.15312436362896,0.4,2,0.21485090255737305,5.507469177246094e-05,0.0,1111111111111100000000000000,++++++++++++++--------------,0,True,"[[5.5e-05, 176.15312436]]",46,classical,,1000
precond_pen=0.600,28,14.0,176.15312436362896,0.6,2,0.2442169189453125,7.295608520507812e-05,0.0,1111111111111100000000000000,++++++++++++++--------------,0,True,"[[7.3e-05, 176.15312436]]",46,classical,,1000
precond_pen=0.800,28,14.0,176.15312436362896,0.8,2,0.21909308433532715,6.818771362304688e-05,0.0,1111111111111100000000000000,++++++++++++++--------------,0,True,"[[6.8e-05, 176.15312436]]",46,classical,,1000
precond_pen=1.000,28,14.0,176.15312436362896,1.0,2,0.1953449249267578,7.295608520507812e-05,0.0,1111111111111100000000000000,++++++++++++++--------------,0,True,"[[7.3e-05, 176.15312436]]",46,classical,,1000
baseline,28,170.04519229797506,170.0451922979749,,2,26.721739053726196,26.71804404258728,0.0,1111000011011111000000010011,++++----++-+++++-------+--++,0,True,"[[0.000128, 189.77411453], [0.045755, 184.51447963], [0.049423, 182.83440082], [0.052211, 173.64065755], [1.21302, 173.22930352], [1.2411, 171.03872185], [17.792568, 170.0451923], [26.718044, 170.0451923]]",47,classical,,1000
precond_pen=0.000,28,14.0,189.77411452679104,0.0,2,0.2617650032043457,7.200241088867188e-05,0.0,1111111111111100000000000000,++++++++++++++--------------,0,True,"[[7.2e-05, 189.77411453]]",47,classical,,1000
precond_pen=0.200,28,14.0,189.77411452679104,0.2,2,0.23770499229431152,7.390975952148438e-05,0.0,1111111111111100000000000000,++++++++++++++--------------,0,True,"[[7.4e-05, 189.77411453]]",47,classical,,1000
precond_pen=0.400,28,14.0,189.77411452679104,0.4,2,0.21384501457214355,9.799003601074219e-05,0.0,1111111111111100000000000000,++++++++++++++--------------,0,True,"[[9.8e-05, 189.77411453]]",47,classical,,1000
precond_pen=0.600,28,14.0,189.77411452679104,0.6,2,0.24250388145446777,5.602836608886719e-05,0.0,1111111111111100000000000000,++++++++++++++--------------,0,True,"[[5.6e-05, 189.77411453]]",47,classical,,1000
precond_pen=0.800,28,14.0,189.77411452679104,0.8,2,0.21996712684631348,5.817413330078125e-05,0.0,1111111111111100000000000000,++++++++++++++--------------,0,True,"[[5.8e-05, 189.77411453]]",47,classical,,1000
precond_pen=1.000,28,14.0,189.77411452679104,1.0,2,0.221235990524292,4.982948303222656e-05,0.0,1111111111111100000000000000,++++++++++++++--------------,0,True,"[[5e-05, 189.77411453]]",47,classical,,1000
baseline,28,169.15060624441503,169.15060624441492,,2,32.05583310127258,32.05180907249451,0.0,0001101010111101101101100000,---++-+-+-++++-++-++-++-----,0,True,"[[9.9e-05, 183.97429537], [0.018246, 172.9327147], [2.715999, 171.05396947], [3.088815, 169.15060624], [32.051809, 169.15060624]]",48,classical,,1000
precond_pen=0.000,28,14.0,183.9742953713951,0.0,2,0.2214491367340088,6.699562072753906e-05,0.0,1111111111111100000000000000,++++++++++++++--------------,0,True,"[[6.7e-05, 183.97429537]]",48,classical,,1000
precond_pen=0.200,28,14.0,183.9742953713951,0.2,2,0.22301697731018066,5.793571472167969e-05,0.0,1111111111111100000000000000,++++++++++++++--------------,0,True,"[[5.8e-05, 183.97429537]]",48,classical,,1000
precond_pen=0.400,28,14.0,183.9742953713951,0.4,2,0.21471691131591797,5.1975250244140625e-05,0.0,1111111111111100000000000000,++++++++++++++--------------,0,True,"[[5.2e-05, 183.97429537]]",48,classical,,1000
precond_pen=0.600,28,14.0,183.9742953713951,0.6,2,0.2243330478668213,4.982948303222656e-05,0.0,1111111111111100000000000000,++++++++++++++--------------,0,True,"[[5e-05, 183.97429537]]",48,classical,,1000
precond_pen=0.800,28,14.0,183.9742953713951,0.8,2,0.20677495002746582,8.511543273925781e-05,0.0,1111111111111100000000000000,++++++++++++++--------------,0,True,"[[8.5e-05, 183.97429537]]",48,classical,,1000
precond_pen=1.000,28,14.0,183.9742953713951,1.0,2,0.23591303825378418,4.8160552978515625e-05,0.0,1111111111111100000000000000,++++++++++++++--------------,0,True,"[[4.8e-05, 183.97429537]]",48,classical,,1000
baseline,28,168.78779037312907,168.78779037312893,,2,35.97028088569641,35.958845138549805,0.0,0111101011100000001101110001,-++++-+-+++-------++-+++---+,0,True,"[[6.4e-05, 204.81576048], [0.013971, 198.78098909], [0.016174, 196.7397427], [0.017938, 196.59199735], [0.020552, 169.89779924], [2.1713, 168.78779037], [35.958845, 168.78779037]]",49,classical,,1000
precond_pen=0.000,28,14.0,204.81576048226935,0.0,2,0.22812891006469727,8.511543273925781e-05,0.0,1111111111111100000000000000,++++++++++++++--------------,0,True,"[[8.5e-05, 204.81576048]]",49,classical,,1000
precond_pen=0.200,28,14.0,204.81576048226935,0.2,2,0.21292996406555176,5.1021575927734375e-05,0.0,1111111111111100000000000000,++++++++++++++--------------,0,True,"[[5.1e-05, 204.81576048]]",49,classical,,1000
precond_pen=0.400,28,14.0,204.81576048226935,0.4,2,0.26474809646606445,8.797645568847656e-05,0.0,1111111111111100000000000000,++++++++++++++--------------,0,True,"[[8.8e-05, 204.81576048]]",49,classical,,1000
precond_pen=0.600,28,14.0,204.81576048226935,0.6,2,0.2414700984954834,5.698204040527344e-05,0.0,1111111111111100000000000000,++++++++++++++--------------,0,True,"[[5.7e-05, 204.81576048]]",49,classical,,1000
precond_pen=0.800,28,14.0,204.81576048226935,0.8,2,0.21159005165100098,5.1975250244140625e-05,0.0,1111111111111100000000000000,++++++++++++++--------------,0,True,"[[5.2e-05, 204.81576048]]",49,classical,,1000
precond_pen=1.000,28,14.0,204.81576048226935,1.0,2,0.2067699432373047,5.2928924560546875e-05,0.0,1111111111111100000000000000,++++++++++++++--------------,0,True,"[[5.3e-05, 204.81576048]]",49,classical,,1000
