name,n,objective_model,objective_baseline,penalty,mip_status,runtime_sec,mip_gap,x_bits,z_bits,sum_z,seed,layers,data_root
baseline,16,52.153185832214,52.15318583221401,,2,0.15871000289916992,0.0,1100001101100101,++----++-++--+-+,0,0,1,/mnt/c/Users/rames102/Desktop/Gurobi_QP/one_equality/complete_random
precond_pen=0.000,16,-2.546780855167995,52.15318583221401,0.0,2,0.10294389724731445,0.0,1100001101100101,++----++-++--+-+,0,0,1,/mnt/c/Users/rames102/Desktop/Gurobi_QP/one_equality/complete_random
precond_pen=0.200,16,-11.105818874889003,52.15318583221401,0.2,2,0.023555994033813477,0.0,0011110010011010,--++++--+--++-+-,0,0,1,/mnt/c/Users/rames102/Desktop/Gurobi_QP/one_equality/complete_random
precond_pen=0.400,16,-9.564574079873001,52.15318583221401,0.4,2,0.01954197883605957,0.0,1100001101100101,++----++-++--+-+,0,0,1,/mnt/c/Users/rames102/Desktop/Gurobi_QP/one_equality/complete_random
precond_pen=0.500,16,-5.419243466306,52.15318583221401,0.5,2,0.02238917350769043,0.0,0011110010011010,--++++--+--++-+-,0,0,1,/mnt/c/Users/rames102/Desktop/Gurobi_QP/one_equality/complete_random
precond_pen=0.600,16,-3.6280941843760015,52.15318583221401,0.6,2,0.019570112228393555,0.0,1100001101100101,++----++-++--+-+,0,0,1,/mnt/c/Users/rames102/Desktop/Gurobi_QP/one_equality/complete_random
precond_pen=0.700,16,-2.7672588756580003,52.15318583221401,0.7,2,0.025478124618530273,0.0,1100001101100101,++----++-++--+-+,0,0,1,/mnt/c/Users/rames102/Desktop/Gurobi_QP/one_equality/complete_random
precond_pen=0.800,16,-2.2738615524599988,52.15318583221401,0.8,2,0.02913188934326172,0.0,1100001101100101,++----++-++--+-+,0,0,1,/mnt/c/Users/rames102/Desktop/Gurobi_QP/one_equality/complete_random
precond_pen=1.000,16,-1.7323139450209988,52.15318583221401,1.0,2,0.039479970932006836,0.0,1100001101100101,++----++-++--+-+,0,0,1,/mnt/c/Users/rames102/Desktop/Gurobi_QP/one_equality/complete_random
baseline,16,54.52969249298498,54.529692492984985,,2,0.2271888256072998,0.0,1011100110000011,+-+++--++-----++,0,1,1,/mnt/c/Users/rames102/Desktop/Gurobi_QP/one_equality/complete_random
precond_pen=0.000,16,-0.1966222422259989,54.72989054440102,0.0,2,0.1603250503540039,0.0,1110100110100010,+++-+--++-+---+-,0,1,1,/mnt/c/Users/rames102/Desktop/Gurobi_QP/one_equality/complete_random
precond_pen=0.200,16,-6.685738574024999,54.72989054440102,0.2,2,0.07774901390075684,0.0,1110100110100010,+++-+--++-+---+-,0,1,1,/mnt/c/Users/rames102/Desktop/Gurobi_QP/one_equality/complete_random
precond_pen=0.400,16,-5.208717196443003,54.72989054440102,0.4,2,0.043325185775756836,0.0,0001011001011101,---+-++--+-+++-+,0,1,1,/mnt/c/Users/rames102/Desktop/Gurobi_QP/one_equality/complete_random
precond_pen=0.500,16,-3.1132452971339992,54.529692492984985,0.5,2,0.037963151931762695,0.0,0100011001111100,-+---++--+++++--,0,1,1,/mnt/c/Users/rames102/Desktop/Gurobi_QP/one_equality/complete_random
precond_pen=0.600,16,-2.2412789442710013,54.529692492984985,0.6,2,0.06051993370056152,0.0,0100011001111100,-+---++--+++++--,0,1,1,/mnt/c/Users/rames102/Desktop/Gurobi_QP/one_equality/complete_random
precond_pen=0.700,16,-1.7955642973640042,54.529692492984985,0.7,2,0.08316683769226074,0.0,0100011001111100,-+---++--+++++--,0,1,1,/mnt/c/Users/rames102/Desktop/Gurobi_QP/one_equality/complete_random
precond_pen=0.800,16,-1.5283489038799996,54.529692492984985,0.8,2,0.15102910995483398,0.0,1011100110000011,+-+++--++-----++,0,1,1,/mnt/c/Users/rames102/Desktop/Gurobi_QP/one_equality/complete_random
precond_pen=1.000,16,-1.223592315968001,54.529692492984985,1.0,2,0.19678282737731934,0.0,0100011001111100,-+---++--+++++--,0,1,1,/mnt/c/Users/rames102/Desktop/Gurobi_QP/one_equality/complete_random
baseline,16,50.310833559542,50.310833559541976,,2,0.10548996925354004,0.0,1010001100110011,+-+---++--++--++,0,2,1,/mnt/c/Users/rames102/Desktop/Gurobi_QP/one_equality/complete_random
precond_pen=0.000,16,-0.7777464498070117,50.310833559541976,0.0,2,0.1141657829284668,0.0,1010001100110011,+-+---++--++--++,0,2,1,/mnt/c/Users/rames102/Desktop/Gurobi_QP/one_equality/complete_random
precond_pen=0.200,16,-7.885370817093,50.310833559541976,0.2,2,0.03876090049743652,0.0,1010001100110011,+-+---++--++--++,0,2,1,/mnt/c/Users/rames102/Desktop/Gurobi_QP/one_equality/complete_random
precond_pen=0.400,16,-5.396711035780998,50.310833559541976,0.4,2,0.02352595329284668,0.0,1010001100110011,+-+---++--++--++,0,2,1,/mnt/c/Users/rames102/Desktop/Gurobi_QP/one_equality/complete_random
precond_pen=0.500,16,-3.332519695707001,50.310833559541976,0.5,2,0.04246997833251953,0.0,1010001100110011,+-+---++--++--++,0,2,1,/mnt/c/Users/rames102/Desktop/Gurobi_QP/one_equality/complete_random
precond_pen=0.600,16,-2.4259704552339993,50.310833559541976,0.6,2,0.07091403007507324,0.0,0101110011001100,-+-+++--++--++--,0,2,1,/mnt/c/Users/rames102/Desktop/Gurobi_QP/one_equality/complete_random
precond_pen=0.700,16,-1.950059771856,50.310833559541976,0.7,2,0.08556199073791504,0.0,1010001100110011,+-+---++--++--++,0,2,1,/mnt/c/Users/rames102/Desktop/Gurobi_QP/one_equality/complete_random
precond_pen=0.800,16,-1.659797642953004,50.310833559541976,0.8,2,0.11418700218200684,0.0,1010001100110011,+-+---++--++--++,0,2,1,/mnt/c/Users/rames102/Desktop/Gurobi_QP/one_equality/complete_random
precond_pen=1.000,16,-1.3239903880389994,50.310833559541976,1.0,2,0.17107892036437988,0.0,0101110011001100,-+-+++--++--++--,0,2,1,/mnt/c/Users/rames102/Desktop/Gurobi_QP/one_equality/complete_random
baseline,16,54.82900695729201,54.829006957292,,2,0.17305517196655273,0.0,1011101100000011,+-+++-++------++,0,3,1,/mnt/c/Users/rames102/Desktop/Gurobi_QP/one_equality/complete_random
precond_pen=0.000,16,0.6186357003919767,55.29132634059605,0.0,2,0.12716221809387207,0.0,1001101000100111,+--++-+---+--+++,0,3,1,/mnt/c/Users/rames102/Desktop/Gurobi_QP/one_equality/complete_random
precond_pen=0.200,16,-5.440512117399004,54.829006957292,0.2,2,0.09703302383422852,0.0,1011101100000011,+-+++-++------++,0,3,1,/mnt/c/Users/rames102/Desktop/Gurobi_QP/one_equality/complete_random
precond_pen=0.400,16,-4.437851814019997,54.829006957292,0.4,2,0.027309894561767578,0.0,1011101100000011,+-+++-++------++,0,3,1,/mnt/c/Users/rames102/Desktop/Gurobi_QP/one_equality/complete_random
precond_pen=0.500,16,-2.7812421120639943,54.829006957292,0.5,2,0.03087306022644043,0.0,1011101100000011,+-+++-++------++,0,3,1,/mnt/c/Users/rames102/Desktop/Gurobi_QP/one_equality/complete_random
precond_pen=0.600,16,-2.0477265191479965,54.829006957292,0.6,2,0.07529211044311523,0.0,1011101100000011,+-+++-++------++,0,3,1,/mnt/c/Users/rames102/Desktop/Gurobi_QP/one_equality/complete_random
precond_pen=0.700,16,-1.6624915765130046,54.829006957292,0.7,2,0.12110495567321777,0.0,0100010011111100,-+---+--++++++--,0,3,1,/mnt/c/Users/rames102/Desktop/Gurobi_QP/one_equality/complete_random
precond_pen=0.800,16,-1.427617770125,54.829006957292,0.8,2,0.17313003540039062,0.0,0100010011111100,-+---+--++++++--,0,3,1,/mnt/c/Users/rames102/Desktop/Gurobi_QP/one_equality/complete_random
precond_pen=1.000,16,-1.1560357223290012,54.829006957292,1.0,2,0.1806180477142334,0.0,0100010011111100,-+---+--++++++--,0,3,1,/mnt/c/Users/rames102/Desktop/Gurobi_QP/one_equality/complete_random
baseline,16,55.122635289212994,55.12263528921302,,2,0.1326770782470703,0.0,0010111101100100,--+-++++-++--+--,0,4,1,/mnt/c/Users/rames102/Desktop/Gurobi_QP/one_equality/complete_random
precond_pen=0.000,16,-0.6299111783280509,55.31451000210102,0.0,2,0.10420894622802734,0.0,1101000110010011,++-+---++--+--++,0,4,1,/mnt/c/Users/rames102/Desktop/Gurobi_QP/one_equality/complete_random
precond_pen=0.200,16,-7.9061138386530025,55.12263528921302,0.2,2,0.03796792030334473,0.0,0010111101100100,--+-++++-++--+--,0,4,1,/mnt/c/Users/rames102/Desktop/Gurobi_QP/one_equality/complete_random
precond_pen=0.400,16,-6.570287087462997,55.12263528921302,0.4,2,0.01894211769104004,0.0,1101000010011011,++-+----+--++-++,0,4,1,/mnt/c/Users/rames102/Desktop/Gurobi_QP/one_equality/complete_random
precond_pen=0.500,16,-3.792547938135,55.12263528921302,0.5,2,0.022557973861694336,0.0,1101000010011011,++-+----+--++-++,0,4,1,/mnt/c/Users/rames102/Desktop/Gurobi_QP/one_equality/complete_random
precond_pen=0.600,16,-2.6539818429720006,55.12263528921302,0.6,2,0.04905200004577637,0.0,1101000010011011,++-+----+--++-++,0,4,1,/mnt/c/Users/rames102/Desktop/Gurobi_QP/one_equality/complete_random
precond_pen=0.700,16,-2.088973574355002,55.12263528921302,0.7,2,0.0480499267578125,0.0,1101000010011011,++-+----+--++-++,0,4,1,/mnt/c/Users/rames102/Desktop/Gurobi_QP/one_equality/complete_random
precond_pen=0.800,16,-1.7555659289610022,55.12263528921302,0.8,2,0.04138302803039551,0.0,1101000010011011,++-+----+--++-++,0,4,1,/mnt/c/Users/rames102/Desktop/Gurobi_QP/one_equality/complete_random
precond_pen=1.000,16,-1.380011611845,55.12263528921302,1.0,2,0.04815793037414551,0.0,1101000010011011,++-+----+--++-++,0,4,1,/mnt/c/Users/rames102/Desktop/Gurobi_QP/one_equality/complete_random
baseline,16,52.37270996931199,52.372709969311984,,2,0.15715599060058594,0.0,1110100000101011,+++-+-----+-+-++,0,5,1,/mnt/c/Users/rames102/Desktop/Gurobi_QP/one_equality/complete_random
precond_pen=0.000,16,-1.2398122762139963,52.372709969311984,0.0,2,0.11875104904174805,0.0,0001011111010100,---+-+++++-+-+--,0,5,1,/mnt/c/Users/rames102/Desktop/Gurobi_QP/one_equality/complete_random
precond_pen=0.200,16,-8.308207909813996,52.372709969311984,0.2,2,0.03769516944885254,0.0,1110100000101011,+++-+-----+-+-++,0,5,1,/mnt/c/Users/rames102/Desktop/Gurobi_QP/one_equality/complete_random
precond_pen=0.400,16,-6.404056744432001,52.372709969311984,0.4,2,0.024708032608032227,0.0,1110100000101011,+++-+-----+-+-++,0,5,1,/mnt/c/Users/rames102/Desktop/Gurobi_QP/one_equality/complete_random
precond_pen=0.500,16,-3.812785068428001,52.372709969311984,0.5,2,0.022128820419311523,7.081227164750165e-05,0001011111010100,---+-+++++-+-+--,0,5,1,/mnt/c/Users/rames102/Desktop/Gurobi_QP/one_equality/complete_random
precond_pen=0.600,16,-2.690329820196001,52.372709969311984,0.6,2,0.017377138137817383,0.0,1110100000101011,+++-+-----+-+-++,0,5,1,/mnt/c/Users/rames102/Desktop/Gurobi_QP/one_equality/complete_random
precond_pen=0.700,16,-2.123085180160996,52.372709969311984,0.7,2,0.035021066665649414,9.84668153031307e-05,1110100000101011,+++-+-----+-+-++,0,5,1,/mnt/c/Users/rames102/Desktop/Gurobi_QP/one_equality/complete_random
precond_pen=0.800,16,-1.7859957073840027,52.372709969311984,0.8,2,0.04778790473937988,1.0450105633857538e-09,1110100000101011,+++-+-----+-+-++,0,5,1,/mnt/c/Users/rames102/Desktop/Gurobi_QP/one_equality/complete_random
precond_pen=1.000,16,-1.4044961393450022,52.372709969311984,1.0,2,0.06518006324768066,0.0,0001011111010100,---+-+++++-+-+--,0,5,1,/mnt/c/Users/rames102/Desktop/Gurobi_QP/one_equality/complete_random
baseline,16,57.728834440118,57.72883444011801,,2,0.16684889793395996,0.0,1100011011001010,++---++-++--+-+-,0,6,1,/mnt/c/Users/rames102/Desktop/Gurobi_QP/one_equality/complete_random
precond_pen=0.000,16,0.4341336342470328,57.72883444011801,0.0,2,0.14424586296081543,0.0,0011100100110101,--+++--+--++-+-+,0,6,1,/mnt/c/Users/rames102/Desktop/Gurobi_QP/one_equality/complete_random
precond_pen=0.200,16,-5.192774564085999,57.72883444011801,0.2,2,0.12760591506958008,0.0,1100011011001010,++---++-++--+-+-,0,6,1,/mnt/c/Users/rames102/Desktop/Gurobi_QP/one_equality/complete_random
precond_pen=0.400,16,-5.176767423726001,57.72883444011801,0.4,2,0.031054973602294922,0.0,1100011011001010,++---++-++--+-+-,0,6,1,/mnt/c/Users/rames102/Desktop/Gurobi_QP/one_equality/complete_random
precond_pen=0.500,16,-3.1998217669869957,57.72883444011801,0.5,2,0.029601097106933594,0.0,0011100100110101,--+++--+--++-+-+,0,6,1,/mnt/c/Users/rames102/Desktop/Gurobi_QP/one_equality/complete_random
precond_pen=0.600,16,-2.2897924930050007,57.72883444011801,0.6,2,0.05546998977661133,5.0015857919831505e-05,0011100100110101,--+++--+--++-+-+,0,6,1,/mnt/c/Users/rames102/Desktop/Gurobi_QP/one_equality/complete_random
precond_pen=0.700,16,-1.8237369682430025,57.72883444011801,0.7,2,0.10040283203125,0.0,1100011011001010,++---++-++--+-+-,0,6,1,/mnt/c/Users/rames102/Desktop/Gurobi_QP/one_equality/complete_random
precond_pen=0.800,16,-1.5461030058919967,57.72883444011801,0.8,2,0.19683289527893066,0.0,0011100100110101,--+++--+--++-+-+,0,6,1,/mnt/c/Users/rames102/Desktop/Gurobi_QP/one_equality/complete_random
precond_pen=1.000,16,-1.2320456285419983,57.72883444011801,1.0,2,0.21834611892700195,0.0,1100011011001010,++---++-++--+-+-,0,6,1,/mnt/c/Users/rames102/Desktop/Gurobi_QP/one_equality/complete_random
baseline,16,53.18710891938896,53.18710891938902,,2,0.163193941116333,0.0,1110001010101010,+++---+-+-+-+-+-,0,7,1,/mnt/c/Users/rames102/Desktop/Gurobi_QP/one_equality/complete_random
precond_pen=0.000,16,-0.30674686431203213,53.527476024478986,0.0,2,0.12491202354431152,0.0,0101111001010100,-+-++++--+-+-+--,0,7,1,/mnt/c/Users/rames102/Desktop/Gurobi_QP/one_equality/complete_random
precond_pen=0.200,16,-6.633534221305,53.494110723827006,0.2,2,0.05636882781982422,0.0,0001111101010100,---+++++-+-+-+--,0,7,1,/mnt/c/Users/rames102/Desktop/Gurobi_QP/one_equality/complete_random
precond_pen=0.400,16,-4.981462071160001,53.18710891938902,0.4,2,0.04407215118408203,0.0,0001110101010101,---+++-+-+-+-+-+,0,7,1,/mnt/c/Users/rames102/Desktop/Gurobi_QP/one_equality/complete_random
precond_pen=0.500,16,-3.078145117404002,53.18710891938902,0.5,2,0.07501697540283203,0.0,1110001010101010,+++---+-+-+-+-+-,0,7,1,/mnt/c/Users/rames102/Desktop/Gurobi_QP/one_equality/complete_random
precond_pen=0.600,16,-2.236892007725004,53.18710891938902,0.6,2,0.07178688049316406,0.0,1110001010101010,+++---+-+-+-+-+-,0,7,1,/mnt/c/Users/rames102/Desktop/Gurobi_QP/one_equality/complete_random
precond_pen=0.700,16,-1.7993745157560035,53.18710891938902,0.7,2,0.10566115379333496,0.0,1110001010101010,+++---+-+-+-+-+-,0,7,1,/mnt/c/Users/rames102/Desktop/Gurobi_QP/one_equality/complete_random
precond_pen=0.800,16,-1.5346519394559976,53.18710891938902,0.8,2,0.13199305534362793,0.0,0001110101010101,---+++-+-+-+-+-+,0,7,1,/mnt/c/Users/rames102/Desktop/Gurobi_QP/one_equality/complete_random
precond_pen=1.000,16,-1.2306440938679977,53.18710891938902,1.0,2,0.22596502304077148,0.0,1110001010101010,+++---+-+-+-+-+-,0,7,1,/mnt/c/Users/rames102/Desktop/Gurobi_QP/one_equality/complete_random
baseline,16,49.90665485264998,49.906654852649986,,2,0.1741318702697754,0.0,1111101000010001,+++++-+----+---+,0,8,1,/mnt/c/Users/rames102/Desktop/Gurobi_QP/one_equality/complete_random
precond_pen=0.000,16,-0.4028472285760287,49.906654852649986,0.0,2,0.12567996978759766,0.0,1111101000010001,+++++-+----+---+,0,8,1,/mnt/c/Users/rames102/Desktop/Gurobi_QP/one_equality/complete_random
precond_pen=0.200,16,-7.290132697851002,49.906654852649986,0.2,2,0.04283595085144043,0.0,1111101000010001,+++++-+----+---+,0,8,1,/mnt/c/Users/rames102/Desktop/Gurobi_QP/one_equality/complete_random
precond_pen=0.400,16,-4.4189186058350005,49.906654852649986,0.4,2,0.06881594657897949,0.0,0000010111101110,-----+-++++-+++-,0,8,1,/mnt/c/Users/rames102/Desktop/Gurobi_QP/one_equality/complete_random
precond_pen=0.500,16,-2.7524161988769977,49.906654852649986,0.5,2,0.06800198554992676,0.0,1111101000010001,+++++-+----+---+,0,8,1,/mnt/c/Users/rames102/Desktop/Gurobi_QP/one_equality/complete_random
precond_pen=0.600,16,-2.041263224153001,49.906654852649986,0.6,2,0.08452081680297852,0.0,0000010111101110,-----+-++++-+++-,0,8,1,/mnt/c/Users/rames102/Desktop/Gurobi_QP/one_equality/complete_random
precond_pen=0.700,16,-1.6651339483520005,49.906654852649986,0.7,2,0.14731788635253906,0.0,0000010111101110,-----+-++++-+++-,0,8,1,/mnt/c/Users/rames102/Desktop/Gurobi_QP/one_equality/complete_random
precond_pen=0.800,16,-1.433858224418005,49.906654852649986,0.8,2,0.20798993110656738,0.0,1111101000010001,+++++-+----+---+,0,8,1,/mnt/c/Users/rames102/Desktop/Gurobi_QP/one_equality/complete_random
precond_pen=1.000,16,-1.1641488597070024,49.906654852649986,1.0,2,0.1982879638671875,0.0,0000010111101110,-----+-++++-+++-,0,8,1,/mnt/c/Users/rames102/Desktop/Gurobi_QP/one_equality/complete_random
baseline,16,57.25525883915294,57.25525883915303,,2,0.140333890914917,0.0,0100001011111100,-+----+-++++++--,0,9,1,/mnt/c/Users/rames102/Desktop/Gurobi_QP/one_equality/complete_random
precond_pen=0.000,16,0.19761503935599478,57.25525883915303,0.0,2,0.14789986610412598,0.0,0100001011111100,-+----+-++++++--,0,9,1,/mnt/c/Users/rames102/Desktop/Gurobi_QP/one_equality/complete_random
precond_pen=0.200,16,-6.030312596511996,57.25525883915303,0.2,2,0.0855550765991211,0.0,1011110100000011,+-++++-+------++,0,9,1,/mnt/c/Users/rames102/Desktop/Gurobi_QP/one_equality/complete_random
precond_pen=0.400,16,-5.5069129425,57.25525883915303,0.4,2,0.021191835403442383,0.0,1011110100000011,+-++++-+------++,0,9,1,/mnt/c/Users/rames102/Desktop/Gurobi_QP/one_equality/complete_random
precond_pen=0.500,16,-3.3175368109859997,57.25525883915303,0.5,2,0.028900861740112305,0.0,1011110100000011,+-++++-+------++,0,9,1,/mnt/c/Users/rames102/Desktop/Gurobi_QP/one_equality/complete_random
precond_pen=0.600,16,-2.372458467220002,57.25525883915303,0.6,2,0.06926608085632324,4.651497993383586e-05,1011110100000011,+-++++-+------++,0,9,1,/mnt/c/Users/rames102/Desktop/Gurobi_QP/one_equality/complete_random
precond_pen=0.700,16,-1.890992831398001,57.25525883915303,0.7,2,0.07580208778381348,0.0,0100001011111100,-+----+-++++++--,0,9,1,/mnt/c/Users/rames102/Desktop/Gurobi_QP/one_equality/complete_random
precond_pen=0.800,16,-1.6029101787810038,57.25525883915303,0.8,2,0.14873099327087402,0.0,1011110100000011,+-++++-+------++,0,9,1,/mnt/c/Users/rames102/Desktop/Gurobi_QP/one_equality/complete_random
precond_pen=1.000,16,-1.2750439711710015,57.25525883915303,1.0,2,0.17820501327514648,0.0,1011110100000011,+-++++-+------++,0,9,1,/mnt/c/Users/rames102/Desktop/Gurobi_QP/one_equality/complete_random
baseline,16,52.055829077838006,52.055829077838,,2,0.1508629322052002,0.0,0010111101001001,--+-++++-+--+--+,0,10,1,/mnt/c/Users/rames102/Desktop/Gurobi_QP/one_equality/complete_random
precond_pen=0.000,16,-0.11144033334402081,52.055829077838,0.0,2,0.12350916862487793,0.0,0010111101001001,--+-++++-+--+--+,0,10,1,/mnt/c/Users/rames102/Desktop/Gurobi_QP/one_equality/complete_random
precond_pen=0.200,16,-6.865251164200995,52.62063366122602,0.2,2,0.08153796195983887,0.0,0000110101111001,----++-+-++++--+,0,10,1,/mnt/c/Users/rames102/Desktop/Gurobi_QP/one_equality/complete_random
precond_pen=0.400,16,-4.523433300829002,52.055829077838,0.4,2,0.0485532283782959,0.0,1101000010110110,++-+----+-++-++-,0,10,1,/mnt/c/Users/rames102/Desktop/Gurobi_QP/one_equality/complete_random
precond_pen=0.500,16,-2.815500682726996,52.055829077838,0.5,2,0.024241924285888672,0.0,0010111101001001,--+-++++-+--+--+,0,10,1,/mnt/c/Users/rames102/Desktop/Gurobi_QP/one_equality/complete_random
precond_pen=0.600,16,-2.0804889962770003,52.055829077838,0.6,2,0.08878588676452637,0.0,0010111101001001,--+-++++-+--+--+,0,10,1,/mnt/c/Users/rames102/Desktop/Gurobi_QP/one_equality/complete_random
precond_pen=0.700,16,-1.6929387153700022,52.055829077838,0.7,2,0.08593583106994629,0.0,0010111101001001,--+-++++-+--+--+,0,10,1,/mnt/c/Users/rames102/Desktop/Gurobi_QP/one_equality/complete_random
precond_pen=0.800,16,-1.4552213692310012,52.055829077838,0.8,2,0.13332295417785645,0.0,0010111101001001,--+-++++-+--+--+,0,10,1,/mnt/c/Users/rames102/Desktop/Gurobi_QP/one_equality/complete_random
precond_pen=1.000,16,-1.178602391343003,52.055829077838,1.0,2,0.2207930088043213,0.0,1101000010110110,++-+----+-++-++-,0,10,1,/mnt/c/Users/rames102/Desktop/Gurobi_QP/one_equality/complete_random
baseline,16,45.25501814482699,45.25501814482695,,2,0.1783750057220459,0.0,0111110100010001,-+++++-+---+---+,0,11,1,/mnt/c/Users/rames102/Desktop/Gurobi_QP/one_equality/complete_random
precond_pen=0.000,16,-1.4597046824029718,45.855779684908995,0.0,2,0.12097001075744629,0.0,1001001011100110,+--+--+-+++--++-,0,11,1,/mnt/c/Users/rames102/Desktop/Gurobi_QP/one_equality/complete_random
precond_pen=0.200,16,-7.846798844538997,45.855779684908995,0.2,2,0.0579981803894043,0.0,1001001011100110,+--+--+-+++--++-,0,11,1,/mnt/c/Users/rames102/Desktop/Gurobi_QP/one_equality/complete_random
precond_pen=0.400,16,-4.824277693428998,45.25501814482695,0.4,2,0.05536007881164551,0.0,0111110100010001,-+++++-+---+---+,0,11,1,/mnt/c/Users/rames102/Desktop/Gurobi_QP/one_equality/complete_random
precond_pen=0.500,16,-3.1033334484410044,45.25501814482695,0.5,2,0.05942797660827637,0.0,0111110100010001,-+++++-+---+---+,0,11,1,/mnt/c/Users/rames102/Desktop/Gurobi_QP/one_equality/complete_random
precond_pen=0.600,16,-2.3103878301820036,45.25501814482695,0.6,2,0.07922601699829102,0.0,0111110100010001,-+++++-+---+---+,0,11,1,/mnt/c/Users/rames102/Desktop/Gurobi_QP/one_equality/complete_random
precond_pen=0.700,16,-1.8795991113449997,45.25501814482695,0.7,2,0.08009696006774902,8.635156455511747e-05,0111110100010001,-+++++-+---+---+,0,11,1,/mnt/c/Users/rames102/Desktop/Gurobi_QP/one_equality/complete_random
precond_pen=0.800,16,-1.611567590847998,45.25501814482695,0.8,2,0.13987207412719727,0.0,0111110100010001,-+++++-+---+---+,0,11,1,/mnt/c/Users/rames102/Desktop/Gurobi_QP/one_equality/complete_random
precond_pen=1.000,16,-1.2964262632370005,45.25501814482695,1.0,2,0.20354700088500977,0.0,1000001011101110,+-----+-+++-+++-,0,11,1,/mnt/c/Users/rames102/Desktop/Gurobi_QP/one_equality/complete_random
baseline,16,54.40757373914099,54.407573739141,,2,0.14257597923278809,0.0,0010111010010110,--+-+++-+--+-++-,0,12,1,/mnt/c/Users/rames102/Desktop/Gurobi_QP/one_equality/complete_random
precond_pen=0.000,16,-0.37191982675698654,54.407573739141,0.0,2,0.13928985595703125,0.0,1101000101101001,++-+---+-++-+--+,0,12,1,/mnt/c/Users/rames102/Desktop/Gurobi_QP/one_equality/complete_random
precond_pen=0.200,16,-6.793446606149997,54.407573739141,0.2,2,0.04792594909667969,0.0,0010111010010110,--+-+++-+--+-++-,0,12,1,/mnt/c/Users/rames102/Desktop/Gurobi_QP/one_equality/complete_random
precond_pen=0.400,16,-6.013443564439998,54.407573739141,0.4,2,0.03870201110839844,0.0,1101000101101001,++-+---+-++-+--+,0,12,1,/mnt/c/Users/rames102/Desktop/Gurobi_QP/one_equality/complete_random
precond_pen=0.500,16,-3.6647747569550004,54.407573739141,0.5,2,0.02514815330505371,0.0,1101000101101001,++-+---+-++-+--+,0,12,1,/mnt/c/Users/rames102/Desktop/Gurobi_QP/one_equality/complete_random
precond_pen=0.600,16,-2.6029128618719977,54.407573739141,0.6,2,0.030932188034057617,0.0,0010111010010110,--+-+++-+--+-++-,0,12,1,/mnt/c/Users/rames102/Desktop/Gurobi_QP/one_equality/complete_random
precond_pen=0.700,16,-2.060097791221999,54.407573739141,0.7,2,0.08959293365478516,0.0,0010111010010110,--+-+++-+--+-++-,0,12,1,/mnt/c/Users/rames102/Desktop/Gurobi_QP/one_equality/complete_random
precond_pen=0.800,16,-1.7363870605969973,54.407573739141,0.8,2,0.049957990646362305,0.0,1101000101101001,++-+---+-++-+--+,0,12,1,/mnt/c/Users/rames102/Desktop/Gurobi_QP/one_equality/complete_random
precond_pen=1.000,16,-1.3694452608440004,54.407573739141,1.0,2,0.06012392044067383,0.0,1101000101101001,++-+---+-++-+--+,0,12,1,/mnt/c/Users/rames102/Desktop/Gurobi_QP/one_equality/complete_random
baseline,16,57.09992072540301,57.09992072540301,,2,0.15310311317443848,0.0,1100111001001001,++--+++--+--+--+,0,13,1,/mnt/c/Users/rames102/Desktop/Gurobi_QP/one_equality/complete_random
precond_pen=0.000,16,-0.7015130917839869,57.09992072540301,0.0,2,0.11463809013366699,0.0,1100111001001001,++--+++--+--+--+,0,13,1,/mnt/c/Users/rames102/Desktop/Gurobi_QP/one_equality/complete_random
precond_pen=0.200,16,-8.166905746832,57.09992072540301,0.2,2,0.03341484069824219,0.0,0011000110110110,--++---++-++-++-,0,13,1,/mnt/c/Users/rames102/Desktop/Gurobi_QP/one_equality/complete_random
precond_pen=0.400,16,-7.721079590989001,57.09992072540301,0.4,2,0.01761007308959961,0.0,0011000110110110,--++---++-++-++-,0,13,1,/mnt/c/Users/rames102/Desktop/Gurobi_QP/one_equality/complete_random
precond_pen=0.500,16,-4.289803390676998,57.09992072540301,0.5,2,0.020344018936157227,0.0,1100111001001001,++--+++--+--+--+,0,13,1,/mnt/c/Users/rames102/Desktop/Gurobi_QP/one_equality/complete_random
precond_pen=0.600,16,-2.9077493238399974,57.09992072540301,0.6,2,0.01923513412475586,4.8200851554126414e-05,1100111001001001,++--+++--+--+--+,0,13,1,/mnt/c/Users/rames102/Desktop/Gurobi_QP/one_equality/complete_random
precond_pen=0.700,16,-2.249080778213999,57.09992072540301,0.7,2,0.047445058822631836,0.0,0011000110110110,--++---++-++-++-,0,13,1,/mnt/c/Users/rames102/Desktop/Gurobi_QP/one_equality/complete_random
precond_pen=0.800,16,-1.8701877784299983,57.09992072540301,0.8,2,0.04001307487487793,0.0,0011000110110110,--++---++-++-++-,0,13,1,/mnt/c/Users/rames102/Desktop/Gurobi_QP/one_equality/complete_random
precond_pen=1.000,16,-1.4519495990859967,57.09992072540301,1.0,2,0.05482006072998047,0.0,0011000110110110,--++---++-++-++-,0,13,1,/mnt/c/Users/rames102/Desktop/Gurobi_QP/one_equality/complete_random
baseline,16,53.125232901941,53.12523290194102,,2,0.19076800346374512,0.0,0011011011001001,--++-++-++--+--+,0,14,1,/mnt/c/Users/rames102/Desktop/Gurobi_QP/one_equality/complete_random
precond_pen=0.000,16,-0.41726309577300214,53.31579278427901,0.0,2,0.1337428092956543,0.0,0001011101011001,---+-+++-+-++--+,0,14,1,/mnt/c/Users/rames102/Desktop/Gurobi_QP/one_equality/complete_random
precond_pen=0.200,16,-6.366377757070001,53.31579278427901,0.2,2,0.04067111015319824,0.0,1110100010100110,+++-+---+-+--++-,0,14,1,/mnt/c/Users/rames102/Desktop/Gurobi_QP/one_equality/complete_random
precond_pen=0.400,16,-4.966098805825004,53.12523290194102,0.4,2,0.049102067947387695,0.0,0011011011001001,--++-++-++--+--+,0,14,1,/mnt/c/Users/rames102/Desktop/Gurobi_QP/one_equality/complete_random
precond_pen=0.500,16,-3.126754304140001,53.12523290194102,0.5,2,0.041912078857421875,0.0,0011011011001001,--++-++-++--+--+,0,14,1,/mnt/c/Users/rames102/Desktop/Gurobi_QP/one_equality/complete_random
precond_pen=0.600,16,-2.2768273405100006,53.12523290194102,0.6,2,0.0657649040222168,0.0,0011011011001001,--++-++-++--+--+,0,14,1,/mnt/c/Users/rames102/Desktop/Gurobi_QP/one_equality/complete_random
precond_pen=0.700,16,-1.830230069690998,53.12523290194102,0.7,2,0.09935212135314941,0.0,1100100100110110,++--+--+--++-++-,0,14,1,/mnt/c/Users/rames102/Desktop/Gurobi_QP/one_equality/complete_random
precond_pen=0.800,16,-1.5593522710510026,53.12523290194102,0.8,2,0.12493515014648438,0.0,1100100100110110,++--+--+--++-++-,0,14,1,/mnt/c/Users/rames102/Desktop/Gurobi_QP/one_equality/complete_random
precond_pen=1.000,16,-1.2481272964650039,53.12523290194102,1.0,2,0.19724202156066895,0.0,0011011011001001,--++-++-++--+--+,0,14,1,/mnt/c/Users/rames102/Desktop/Gurobi_QP/one_equality/complete_random
baseline,16,56.86765244234502,56.867652442345,,2,0.17048287391662598,0.0,1110010010010011,+++--+--+--+--++,0,15,1,/mnt/c/Users/rames102/Desktop/Gurobi_QP/one_equality/complete_random
precond_pen=0.000,16,0.5915254810839841,56.867652442345,0.0,2,0.14000201225280762,0.0,1110010010010011,+++--+--+--+--++,0,15,1,/mnt/c/Users/rames102/Desktop/Gurobi_QP/one_equality/complete_random
precond_pen=0.200,16,-5.369838103994997,56.867652442345,0.2,2,0.10522317886352539,0.0,1110010010010011,+++--+--+--+--++,0,15,1,/mnt/c/Users/rames102/Desktop/Gurobi_QP/one_equality/complete_random
precond_pen=0.400,16,-4.8011857276239995,56.867652442345,0.4,2,0.026896953582763672,0.0,0001101101101100,---++-++-++-++--,0,15,1,/mnt/c/Users/rames102/Desktop/Gurobi_QP/one_equality/complete_random
precond_pen=0.500,16,-2.9397399596860003,56.867652442345,0.5,2,0.06771087646484375,0.0,1110010010010011,+++--+--+--+--++,0,15,1,/mnt/c/Users/rames102/Desktop/Gurobi_QP/one_equality/complete_random
precond_pen=0.600,16,-2.130221362776002,56.867652442345,0.6,2,0.07043313980102539,0.0,0001101101101100,---++-++-++-++--,0,15,1,/mnt/c/Users/rames102/Desktop/Gurobi_QP/one_equality/complete_random
precond_pen=0.700,16,-1.714395554315998,56.867652442345,0.7,2,0.09980893135070801,0.0,0001101101101100,---++-++-++-++--,0,15,1,/mnt/c/Users/rames102/Desktop/Gurobi_QP/one_equality/complete_random
precond_pen=0.800,16,-1.464254115649,56.867652442345,0.8,2,0.13724303245544434,0.0,0001101101101100,---++-++-++-++--,0,15,1,/mnt/c/Users/rames102/Desktop/Gurobi_QP/one_equality/complete_random
precond_pen=1.000,16,-1.1781877242589998,56.867652442345,1.0,2,0.19895291328430176,0.0,0001101101101100,---++-++-++-++--,0,15,1,/mnt/c/Users/rames102/Desktop/Gurobi_QP/one_equality/complete_random
baseline,16,55.12307955243,55.12307955243,,2,0.17216014862060547,0.0,0001111010010011,---++++-+--+--++,0,16,1,/mnt/c/Users/rames102/Desktop/Gurobi_QP/one_equality/complete_random
precond_pen=0.000,16,-0.2092911324849993,55.12307955243,0.0,2,0.1359879970550537,0.0,0001111010010011,---++++-+--+--++,0,16,1,/mnt/c/Users/rames102/Desktop/Gurobi_QP/one_equality/complete_random
precond_pen=0.200,16,-6.859154505721999,55.12307955243,0.2,2,0.044075965881347656,0.0,1110000101101100,+++----+-++-++--,0,16,1,/mnt/c/Users/rames102/Desktop/Gurobi_QP/one_equality/complete_random
precond_pen=0.400,16,-5.449045374171004,55.12307955243,0.4,2,0.0630500316619873,0.0,1110000101101100,+++----+-++-++--,0,16,1,/mnt/c/Users/rames102/Desktop/Gurobi_QP/one_equality/complete_random
precond_pen=0.500,16,-3.2669791050050003,55.12307955243,0.5,2,0.06620907783508301,0.0,0001111010010011,---++++-+--+--++,0,16,1,/mnt/c/Users/rames102/Desktop/Gurobi_QP/one_equality/complete_random
precond_pen=0.600,16,-2.335145309309995,55.12307955243,0.6,2,0.08211016654968262,0.0,1110000101101100,+++----+-++-++--,0,16,1,/mnt/c/Users/rames102/Desktop/Gurobi_QP/one_equality/complete_random
precond_pen=0.700,16,-1.861505830412998,55.12307955243,0.7,2,0.09200096130371094,0.0,0001111010010011,---++++-+--+--++,0,16,1,/mnt/c/Users/rames102/Desktop/Gurobi_QP/one_equality/complete_random
precond_pen=0.800,16,-1.578662539978997,55.12307955243,0.8,2,0.1280810832977295,0.0,0001111010010011,---++++-+--+--++,0,16,1,/mnt/c/Users/rames102/Desktop/Gurobi_QP/one_equality/complete_random
precond_pen=1.000,16,-1.2573190467119986,55.12307955243,1.0,2,0.1466388702392578,0.0,0001111010010011,---++++-+--+--++,0,16,1,/mnt/c/Users/rames102/Desktop/Gurobi_QP/one_equality/complete_random
baseline,16,51.476810919306985,51.476810919307,,2,0.18137407302856445,0.0,1100101011000101,++--+-+-++---+-+,0,17,1,/mnt/c/Users/rames102/Desktop/Gurobi_QP/one_equality/complete_random
precond_pen=0.000,16,0.5537843743259998,51.844481533182986,0.0,2,0.14315319061279297,0.0,0010111011000101,--+-+++-++---+-+,0,17,1,/mnt/c/Users/rames102/Desktop/Gurobi_QP/one_equality/complete_random
precond_pen=0.200,16,-5.797683850619997,51.476810919307,0.2,2,0.11904287338256836,0.0,1100101011000101,++--+-+-++---+-+,0,17,1,/mnt/c/Users/rames102/Desktop/Gurobi_QP/one_equality/complete_random
precond_pen=0.400,16,-3.8705527965850024,51.476810919307,0.4,2,0.051145076751708984,0.0,0011010100111010,--++-+-+--+++-+-,0,17,1,/mnt/c/Users/rames102/Desktop/Gurobi_QP/one_equality/complete_random
precond_pen=0.500,16,-2.4569874785280037,51.476810919307,0.5,2,0.05891299247741699,0.0,1100101011000101,++--+-+-++---+-+,0,17,1,/mnt/c/Users/rames102/Desktop/Gurobi_QP/one_equality/complete_random
precond_pen=0.600,16,-1.8468279969539996,51.476810919307,0.6,2,0.10346412658691406,0.0,0011010100111010,--++-+-+--+++-+-,0,17,1,/mnt/c/Users/rames102/Desktop/Gurobi_QP/one_equality/complete_random
precond_pen=0.700,16,-1.5210096889540052,51.476810919307,0.7,2,0.15691709518432617,0.0,0011010100111010,--++-+-+--+++-+-,0,17,1,/mnt/c/Users/rames102/Desktop/Gurobi_QP/one_equality/complete_random
precond_pen=0.800,16,-1.3193559169529978,51.476810919307,0.8,2,0.22691702842712402,0.0,0011010100111010,--++-+-+--+++-+-,0,17,1,/mnt/c/Users/rames102/Desktop/Gurobi_QP/one_equality/complete_random
precond_pen=1.000,16,-1.0828436282729985,51.476810919307,1.0,2,0.28531908988952637,0.0,0011010100111010,--++-+-+--+++-+-,0,17,1,/mnt/c/Users/rames102/Desktop/Gurobi_QP/one_equality/complete_random
baseline,16,52.87104298052801,52.87104298052797,,2,0.18619394302368164,0.0,0100100011111100,-+--+---++++++--,0,18,1,/mnt/c/Users/rames102/Desktop/Gurobi_QP/one_equality/complete_random
precond_pen=0.000,16,-0.5007413286030129,52.87104298052797,0.0,2,0.2551000118255615,0.0,1011011100000011,+-++-+++------++,0,18,1,/mnt/c/Users/rames102/Desktop/Gurobi_QP/one_equality/complete_random
precond_pen=0.200,16,-6.940137037246,52.87104298052797,0.2,2,0.11371898651123047,0.0,1011011100000011,+-++-+++------++,0,18,1,/mnt/c/Users/rames102/Desktop/Gurobi_QP/one_equality/complete_random
precond_pen=0.400,16,-5.322533377979001,52.87104298052797,0.4,2,0.048207998275756836,0.0,0100100011111100,-+--+---++++++--,0,18,1,/mnt/c/Users/rames102/Desktop/Gurobi_QP/one_equality/complete_random
precond_pen=0.500,16,-3.2338210081429946,52.87104298052797,0.5,2,0.030488014221191406,0.0,1011011100000011,+-++-+++------++,0,18,1,/mnt/c/Users/rames102/Desktop/Gurobi_QP/one_equality/complete_random
precond_pen=0.600,16,-2.3245235183700004,52.87104298052797,0.6,2,0.040513038635253906,9.3968892244085e-05,1011011100000011,+-++-+++------++,0,18,1,/mnt/c/Users/rames102/Desktop/Gurobi_QP/one_equality/complete_random
precond_pen=0.700,16,-1.8582300277570019,52.87104298052797,0.7,2,0.12726879119873047,0.0,0100100011111100,-+--+---++++++--,0,18,1,/mnt/c/Users/rames102/Desktop/Gurobi_QP/one_equality/complete_random
precond_pen=0.800,16,-1.5784668744820038,52.87104298052797,0.8,2,0.17204999923706055,0.0,0100100011111100,-+--+---++++++--,0,18,1,/mnt/c/Users/rames102/Desktop/Gurobi_QP/one_equality/complete_random
precond_pen=1.000,16,-1.259379635690001,52.87104298052797,1.0,2,0.31404805183410645,0.0,1011011100000011,+-++-+++------++,0,18,1,/mnt/c/Users/rames102/Desktop/Gurobi_QP/one_equality/complete_random
baseline,16,52.105474173337996,52.105474173337996,,2,0.1801471710205078,0.0,0001110110000111,---+++-++----+++,0,19,1,/mnt/c/Users/rames102/Desktop/Gurobi_QP/one_equality/complete_random
precond_pen=0.000,16,-0.8461490864919625,52.105474173337996,0.0,2,0.17799091339111328,0.0,1110001001111000,+++---+--++++---,0,19,1,/mnt/c/Users/rames102/Desktop/Gurobi_QP/one_equality/complete_random
precond_pen=0.200,16,-8.045768992870002,52.105474173337996,0.2,2,0.04378819465637207,0.0,1110001001111000,+++---+--++++---,0,19,1,/mnt/c/Users/rames102/Desktop/Gurobi_QP/one_equality/complete_random
precond_pen=0.400,16,-6.125005669133006,52.105474173337996,0.4,2,0.04788017272949219,0.0,0001110110000111,---+++-++----+++,0,19,1,/mnt/c/Users/rames102/Desktop/Gurobi_QP/one_equality/complete_random
precond_pen=0.500,16,-3.6430882408260006,52.105474173337996,0.5,2,0.03130006790161133,0.0,0001110110000111,---+++-++----+++,0,19,1,/mnt/c/Users/rames102/Desktop/Gurobi_QP/one_equality/complete_random
precond_pen=0.600,16,-2.585538413652997,52.105474173337996,0.6,2,0.04165816307067871,0.0,0001110110000111,---+++-++----+++,0,19,1,/mnt/c/Users/rames102/Desktop/Gurobi_QP/one_equality/complete_random
precond_pen=0.700,16,-2.0488650529849988,52.105474173337996,0.7,2,0.08240795135498047,0.0,0001110110000111,---+++-++----+++,0,19,1,/mnt/c/Users/rames102/Desktop/Gurobi_QP/one_equality/complete_random
precond_pen=0.800,16,-1.7286684379300041,52.105474173337996,0.8,2,0.043936967849731445,0.0,0001110110000111,---+++-++----+++,0,19,1,/mnt/c/Users/rames102/Desktop/Gurobi_QP/one_equality/complete_random
precond_pen=1.000,16,-1.3650380671990021,52.105474173337996,1.0,2,0.0648198127746582,0.0,0001110110000111,---+++-++----+++,0,19,1,/mnt/c/Users/rames102/Desktop/Gurobi_QP/one_equality/complete_random
baseline,16,48.848816103204996,48.848816103205024,,2,0.15467190742492676,0.0,1110000111011000,+++----+++-++---,0,20,1,/mnt/c/Users/rames102/Desktop/Gurobi_QP/one_equality/complete_random
precond_pen=0.000,16,-0.3305201243050391,48.848816103205024,0.0,2,0.1291980743408203,0.0,0001111000100111,---++++---+--+++,0,20,1,/mnt/c/Users/rames102/Desktop/Gurobi_QP/one_equality/complete_random
precond_pen=0.200,16,-7.378519199349004,48.848816103205024,0.2,2,0.0429530143737793,0.0,0001111000100111,---++++---+--+++,0,20,1,/mnt/c/Users/rames102/Desktop/Gurobi_QP/one_equality/complete_random
precond_pen=0.400,16,-4.209735727444001,48.848816103205024,0.4,2,0.026643037796020508,0.0,0001111000100111,---++++---+--+++,0,20,1,/mnt/c/Users/rames102/Desktop/Gurobi_QP/one_equality/complete_random
precond_pen=0.500,16,-2.6976211054769994,48.848816103205024,0.5,2,0.04437518119812012,0.0,0001111000100111,---++++---+--+++,0,20,1,/mnt/c/Users/rames102/Desktop/Gurobi_QP/one_equality/complete_random
precond_pen=0.600,16,-2.0294215685619994,48.848816103205024,0.6,2,0.07054400444030762,0.0,1110000111011000,+++----+++-++---,0,20,1,/mnt/c/Users/rames102/Desktop/Gurobi_QP/one_equality/complete_random
precond_pen=0.700,16,-1.6672575855029912,48.848816103205024,0.7,2,0.10036587715148926,0.0,0001111000100111,---++++---+--+++,0,20,1,/mnt/c/Users/rames102/Desktop/Gurobi_QP/one_equality/complete_random
precond_pen=0.800,16,-1.4411686064999998,48.848816103205024,0.8,2,0.1391439437866211,0.0,1110000111011000,+++----+++-++---,0,20,1,/mnt/c/Users/rames102/Desktop/Gurobi_QP/one_equality/complete_random
precond_pen=1.000,16,-1.1741106629939981,48.848816103205024,1.0,2,0.22634196281433105,3.366941400551294e-05,1110000111011000,+++----+++-++---,0,20,1,/mnt/c/Users/rames102/Desktop/Gurobi_QP/one_equality/complete_random
baseline,16,53.34693970559003,53.346939705589996,,2,0.22211980819702148,0.0,0111110010001100,-+++++--+---++--,0,21,1,/mnt/c/Users/rames102/Desktop/Gurobi_QP/one_equality/complete_random
precond_pen=0.000,16,-0.018779490798010556,53.94750291995802,0.0,2,0.14400219917297363,0.0,1100011001100101,++---++--++--+-+,0,21,1,/mnt/c/Users/rames102/Desktop/Gurobi_QP/one_equality/complete_random
precond_pen=0.200,16,-5.497764785418996,53.94750291995802,0.2,2,0.07905697822570801,0.0,1100011001100101,++---++--++--+-+,0,21,1,/mnt/c/Users/rames102/Desktop/Gurobi_QP/one_equality/complete_random
precond_pen=0.400,16,-4.365335133939996,53.94750291995802,0.4,2,0.06015920639038086,0.0,0011100110011010,--+++--++--++-+-,0,21,1,/mnt/c/Users/rames102/Desktop/Gurobi_QP/one_equality/complete_random
precond_pen=0.500,16,-2.8024725537929998,53.41995908021601,0.5,2,0.08822894096374512,0.0,1110011001100001,+++--++--++----+,0,21,1,/mnt/c/Users/rames102/Desktop/Gurobi_QP/one_equality/complete_random
precond_pen=0.600,16,-2.0709814705359992,53.346939705589996,0.6,2,0.09326004981994629,0.0,0111110010001100,-+++++--+---++--,0,21,1,/mnt/c/Users/rames102/Desktop/Gurobi_QP/one_equality/complete_random
precond_pen=0.700,16,-1.6828163641210034,53.346939705589996,0.7,2,0.10393595695495605,0.0,1000001101110011,+-----++-+++--++,0,21,1,/mnt/c/Users/rames102/Desktop/Gurobi_QP/one_equality/complete_random
precond_pen=0.800,16,-1.4451231901289976,53.346939705589996,0.8,2,0.14815807342529297,0.0,1000001101110011,+-----++-+++--++,0,21,1,/mnt/c/Users/rames102/Desktop/Gurobi_QP/one_equality/complete_random
precond_pen=1.000,16,-1.1696901206869974,53.346939705589996,1.0,2,0.20405220985412598,0.0,1000001101110011,+-----++-+++--++,0,21,1,/mnt/c/Users/rames102/Desktop/Gurobi_QP/one_equality/complete_random
baseline,16,55.63589205206201,55.635892052061976,,2,0.15909194946289062,0.0,1110000110110100,+++----++-++-+--,0,22,1,/mnt/c/Users/rames102/Desktop/Gurobi_QP/one_equality/complete_random
precond_pen=0.000,16,0.22619697879401457,55.635892052061976,0.0,2,0.13740992546081543,0.0,0001111001001011,---++++--+--+-++,0,22,1,/mnt/c/Users/rames102/Desktop/Gurobi_QP/one_equality/complete_random
precond_pen=0.200,16,-6.400468850245998,55.635892052061976,0.2,2,0.08716607093811035,0.0,0001111001001011,---++++--+--+-++,0,22,1,/mnt/c/Users/rames102/Desktop/Gurobi_QP/one_equality/complete_random
precond_pen=0.400,16,-5.440086339786003,55.635892052061976,0.4,2,0.020164012908935547,7.091151896694311e-05,0001111001001011,---++++--+--+-++,0,22,1,/mnt/c/Users/rames102/Desktop/Gurobi_QP/one_equality/complete_random
precond_pen=0.500,16,-3.264227875688002,55.635892052061976,0.5,2,0.020553112030029297,0.0,0001111001001011,---++++--+--+-++,0,22,1,/mnt/c/Users/rames102/Desktop/Gurobi_QP/one_equality/complete_random
precond_pen=0.600,16,-2.344188361759998,55.635892052061976,0.6,2,0.029421091079711914,0.0,1110000110110100,+++----++-++-+--,0,22,1,/mnt/c/Users/rames102/Desktop/Gurobi_QP/one_equality/complete_random
precond_pen=0.700,16,-1.8743099075859933,55.635892052061976,0.7,2,0.07985520362854004,0.0,0001111001001011,---++++--+--+-++,0,22,1,/mnt/c/Users/rames102/Desktop/Gurobi_QP/one_equality/complete_random
precond_pen=0.800,16,-1.5920984256839983,55.635892052061976,0.8,2,0.10378789901733398,0.0,0001111001001011,---++++--+--+-++,0,22,1,/mnt/c/Users/rames102/Desktop/Gurobi_QP/one_equality/complete_random
precond_pen=1.000,16,-1.2695979928779995,55.635892052061976,1.0,2,0.177077054977417,0.0,0001111001001011,---++++--+--+-++,0,22,1,/mnt/c/Users/rames102/Desktop/Gurobi_QP/one_equality/complete_random
baseline,16,53.58429874295398,53.58429874295398,,2,0.1672210693359375,0.0,1100001001101101,++----+--++-++-+,0,23,1,/mnt/c/Users/rames102/Desktop/Gurobi_QP/one_equality/complete_random
precond_pen=0.000,16,-0.5565770066389817,53.58429874295398,0.0,2,0.13544487953186035,0.0,1100001001101101,++----+--++-++-+,0,23,1,/mnt/c/Users/rames102/Desktop/Gurobi_QP/one_equality/complete_random
precond_pen=0.200,16,-7.628501432399009,53.58429874295398,0.2,2,0.04830217361450195,0.0,0011110110010010,--++++-++--+--+-,0,23,1,/mnt/c/Users/rames102/Desktop/Gurobi_QP/one_equality/complete_random
precond_pen=0.400,16,-5.694789184004001,53.58429874295398,0.4,2,0.020734071731567383,0.0,0011110110010010,--++++-++--+--+-,0,23,1,/mnt/c/Users/rames102/Desktop/Gurobi_QP/one_equality/complete_random
precond_pen=0.500,16,-3.3908030547479964,53.58429874295398,0.5,2,0.026690959930419922,0.0,1100001001101101,++----+--++-++-+,0,23,1,/mnt/c/Users/rames102/Desktop/Gurobi_QP/one_equality/complete_random
precond_pen=0.600,16,-2.4242573245740013,53.58429874295398,0.6,2,0.044074058532714844,0.0,0011110110010010,--++++-++--+--+-,0,23,1,/mnt/c/Users/rames102/Desktop/Gurobi_QP/one_equality/complete_random
precond_pen=0.700,16,-1.9324308239139985,53.58429874295398,0.7,2,0.07967090606689453,0.0,0011110110010010,--++++-++--+--+-,0,23,1,/mnt/c/Users/rames102/Desktop/Gurobi_QP/one_equality/complete_random
precond_pen=0.800,16,-1.6378564896539993,53.58429874295398,0.8,2,0.0519709587097168,0.0,0011110110010010,--++++-++--+--+-,0,23,1,/mnt/c/Users/rames102/Desktop/Gurobi_QP/one_equality/complete_random
precond_pen=1.000,16,-1.3019875684530051,53.58429874295398,1.0,2,0.08301806449890137,0.0,0011110110010010,--++++-++--+--+-,0,23,1,/mnt/c/Users/rames102/Desktop/Gurobi_QP/one_equality/complete_random
baseline,16,54.71327719824804,54.71327719824798,,2,0.1991589069366455,0.0,1110110100001100,+++-++-+----++--,0,24,1,/mnt/c/Users/rames102/Desktop/Gurobi_QP/one_equality/complete_random
precond_pen=0.000,16,0.5136724918879807,54.96010619419799,0.0,2,0.14417409896850586,0.0,1110100100101100,+++-+--+--+-++--,0,24,1,/mnt/c/Users/rames102/Desktop/Gurobi_QP/one_equality/complete_random
precond_pen=0.200,16,-5.629864045546999,54.71327719824798,0.2,2,0.09548807144165039,0.0,1110110100001100,+++-++-+----++--,0,24,1,/mnt/c/Users/rames102/Desktop/Gurobi_QP/one_equality/complete_random
precond_pen=0.400,16,-4.213281220803004,54.71327719824798,0.4,2,0.09057807922363281,0.0,0001001011110011,---+--+-++++--++,0,24,1,/mnt/c/Users/rames102/Desktop/Gurobi_QP/one_equality/complete_random
precond_pen=0.500,16,-2.596762428059998,54.71327719824798,0.5,2,0.11412191390991211,0.0,0001001011110011,---+--+-++++--++,0,24,1,/mnt/c/Users/rames102/Desktop/Gurobi_QP/one_equality/complete_random
precond_pen=0.600,16,-1.9119352401610001,54.71327719824798,0.6,2,0.15983796119689941,0.0,0001001011110011,---+--+-++++--++,0,24,1,/mnt/c/Users/rames102/Desktop/Gurobi_QP/one_equality/complete_random
precond_pen=0.700,16,-1.5568478649610027,54.71327719824798,0.7,2,0.20177912712097168,0.0,0001001011110011,---+--+-++++--++,0,24,1,/mnt/c/Users/rames102/Desktop/Gurobi_QP/one_equality/complete_random
precond_pen=0.800,16,-1.3414353968690014,54.71327719824798,0.8,2,0.2100510597229004,0.0,0001001011110011,---+--+-++++--++,0,24,1,/mnt/c/Users/rames102/Desktop/Gurobi_QP/one_equality/complete_random
precond_pen=1.000,16,-1.0931266788649978,54.71327719824798,1.0,2,0.27944397926330566,0.0,0001001011110011,---+--+-++++--++,0,24,1,/mnt/c/Users/rames102/Desktop/Gurobi_QP/one_equality/complete_random
baseline,16,50.73561711458202,50.73561711458199,,2,0.17686700820922852,0.0,0001111011100010,---++++-+++---+-,0,25,1,/mnt/c/Users/rames102/Desktop/Gurobi_QP/one_equality/complete_random
precond_pen=0.000,16,-0.17683988660896688,51.85087399193002,0.0,2,0.13228416442871094,0.0,0111111001100000,-++++++--++-----,0,25,1,/mnt/c/Users/rames102/Desktop/Gurobi_QP/one_equality/complete_random
precond_pen=0.200,16,-6.209796951151997,51.85087399193002,0.2,2,0.05291604995727539,0.0,1000000110011111,+------++--+++++,0,25,1,/mnt/c/Users/rames102/Desktop/Gurobi_QP/one_equality/complete_random
precond_pen=0.400,16,-4.299767039401002,50.78316752332601,0.4,2,0.051892995834350586,0.0,1010000100011111,+-+----+---+++++,0,25,1,/mnt/c/Users/rames102/Desktop/Gurobi_QP/one_equality/complete_random
precond_pen=0.500,16,-2.7484577620850006,50.73561711458199,0.5,2,0.0652470588684082,0.0,0001111011100010,---++++-+++---+-,0,25,1,/mnt/c/Users/rames102/Desktop/Gurobi_QP/one_equality/complete_random
precond_pen=0.600,16,-2.0449579943060012,50.73561711458199,0.6,2,0.12700200080871582,0.0,1110000100011101,+++----+---+++-+,0,25,1,/mnt/c/Users/rames102/Desktop/Gurobi_QP/one_equality/complete_random
precond_pen=0.700,16,-1.668517600453998,50.73561711458199,0.7,2,0.12047886848449707,0.0,0001111011100010,---++++-+++---+-,0,25,1,/mnt/c/Users/rames102/Desktop/Gurobi_QP/one_equality/complete_random
precond_pen=0.800,16,-1.4365140030339978,50.73561711458199,0.8,2,0.1423051357269287,0.0,1110000100011101,+++----+---+++-+,0,25,1,/mnt/c/Users/rames102/Desktop/Gurobi_QP/one_equality/complete_random
precond_pen=1.000,16,-1.1658866660640017,50.73561711458199,1.0,2,0.21363520622253418,0.0,1110000100011101,+++----+---+++-+,0,25,1,/mnt/c/Users/rames102/Desktop/Gurobi_QP/one_equality/complete_random
baseline,16,51.07438107428298,51.07438107428301,,2,0.1623530387878418,0.0,0011000101001111,--++---+-+--++++,0,26,1,/mnt/c/Users/rames102/Desktop/Gurobi_QP/one_equality/complete_random
precond_pen=0.000,16,-1.233376644588013,51.07438107428301,0.0,2,0.09428095817565918,0.0,0011000101001111,--++---+-+--++++,0,26,1,/mnt/c/Users/rames102/Desktop/Gurobi_QP/one_equality/complete_random
precond_pen=0.200,16,-8.569034788594006,51.07438107428301,0.2,2,0.036834001541137695,0.0,1100111010110000,++--+++-+-++----,0,26,1,/mnt/c/Users/rames102/Desktop/Gurobi_QP/one_equality/complete_random
precond_pen=0.400,16,-6.103312103263003,51.07438107428301,0.4,2,0.02004694938659668,0.0,0011000101001111,--++---+-+--++++,0,26,1,/mnt/c/Users/rames102/Desktop/Gurobi_QP/one_equality/complete_random
precond_pen=0.500,16,-3.6071136646460005,51.07438107428301,0.5,2,0.022837162017822266,0.0,0011000101001111,--++---+-+--++++,0,26,1,/mnt/c/Users/rames102/Desktop/Gurobi_QP/one_equality/complete_random
precond_pen=0.600,16,-2.564966989816999,51.07438107428301,0.6,2,0.0667719841003418,0.0,1100111010110000,++--+++-+-++----,0,26,1,/mnt/c/Users/rames102/Desktop/Gurobi_QP/one_equality/complete_random
precond_pen=0.700,16,-2.0359616351420025,51.07438107428301,0.7,2,0.06932711601257324,0.0,0011000101001111,--++---+-+--++++,0,26,1,/mnt/c/Users/rames102/Desktop/Gurobi_QP/one_equality/complete_random
precond_pen=0.800,16,-1.7195752372860023,51.07438107428301,0.8,2,0.09550809860229492,0.0,0011000101001111,--++---+-+--++++,0,26,1,/mnt/c/Users/rames102/Desktop/Gurobi_QP/one_equality/complete_random
precond_pen=1.000,16,-1.3593527518710005,51.07438107428301,1.0,2,0.14770817756652832,0.0,0011000101001111,--++---+-+--++++,0,26,1,/mnt/c/Users/rames102/Desktop/Gurobi_QP/one_equality/complete_random
baseline,16,55.47288216266205,55.472882162661975,,2,0.16518592834472656,0.0,1101011000101010,++-+-++---+-+-+-,0,27,1,/mnt/c/Users/rames102/Desktop/Gurobi_QP/one_equality/complete_random
precond_pen=0.000,16,-0.38302495280699134,56.214466712608,0.0,2,0.1306440830230713,0.0,1110011000101010,+++--++---+-+-+-,0,27,1,/mnt/c/Users/rames102/Desktop/Gurobi_QP/one_equality/complete_random
precond_pen=0.200,16,-6.473053568308003,56.214466712608,0.2,2,0.0534060001373291,0.0,1110011000101010,+++--++---+-+-+-,0,27,1,/mnt/c/Users/rames102/Desktop/Gurobi_QP/one_equality/complete_random
precond_pen=0.400,16,-5.163223028246998,55.857351243674,0.4,2,0.07288098335266113,0.0,0101010111010001,-+-+-+-+++-+---+,0,27,1,/mnt/c/Users/rames102/Desktop/Gurobi_QP/one_equality/complete_random
precond_pen=0.500,16,-3.136288948547996,55.857351243674,0.5,2,0.05090785026550293,0.0,0101010111010001,-+-+-+-+++-+---+,0,27,1,/mnt/c/Users/rames102/Desktop/Gurobi_QP/one_equality/complete_random
precond_pen=0.600,16,-2.2624537163329945,55.472882162661975,0.6,2,0.06418299674987793,0.0,0010100111010101,--+-+--+++-+-+-+,0,27,1,/mnt/c/Users/rames102/Desktop/Gurobi_QP/one_equality/complete_random
precond_pen=0.700,16,-1.812883582622999,55.472882162661975,0.7,2,0.08312392234802246,0.0,0010100111010101,--+-+--+++-+-+-+,0,27,1,/mnt/c/Users/rames102/Desktop/Gurobi_QP/one_equality/complete_random
precond_pen=0.800,16,-1.542801674709998,55.472882162661975,0.8,2,0.15873479843139648,0.0,0010100111010101,--+-+--+++-+-+-+,0,27,1,/mnt/c/Users/rames102/Desktop/Gurobi_QP/one_equality/complete_random
precond_pen=1.000,16,-1.2344062825010056,55.472882162661975,1.0,2,0.1844949722290039,0.0,1101011000101010,++-+-++---+-+-+-,0,27,1,/mnt/c/Users/rames102/Desktop/Gurobi_QP/one_equality/complete_random
baseline,16,59.10192928332397,59.10192928332398,,2,0.15473604202270508,0.0,0000111101010110,----++++-+-+-++-,0,28,1,/mnt/c/Users/rames102/Desktop/Gurobi_QP/one_equality/complete_random
precond_pen=0.000,16,-0.2219614960780163,59.10192928332398,0.0,2,0.11610794067382812,0.0,0000111101010110,----++++-+-+-++-,0,28,1,/mnt/c/Users/rames102/Desktop/Gurobi_QP/one_equality/complete_random
precond_pen=0.200,16,-6.328261110086002,59.10192928332398,0.2,2,0.08284687995910645,0.0,0000111101010110,----++++-+-+-++-,0,28,1,/mnt/c/Users/rames102/Desktop/Gurobi_QP/one_equality/complete_random
precond_pen=0.400,16,-6.244191483542001,59.10192928332398,0.4,2,0.02271294593811035,0.0,0000111101010110,----++++-+-+-++-,0,28,1,/mnt/c/Users/rames102/Desktop/Gurobi_QP/one_equality/complete_random
precond_pen=0.500,16,-3.774522605452999,59.10192928332398,0.5,2,0.028789043426513672,0.0,1111000010101001,++++----+-+-+--+,0,28,1,/mnt/c/Users/rames102/Desktop/Gurobi_QP/one_equality/complete_random
precond_pen=0.600,16,-2.630828566246996,59.10192928332398,0.6,2,0.02168893814086914,0.0,0000111101010110,----++++-+-+-++-,0,28,1,/mnt/c/Users/rames102/Desktop/Gurobi_QP/one_equality/complete_random
precond_pen=0.700,16,-2.059652867760997,59.10192928332398,0.7,2,0.026894092559814453,6.619617194644677e-05,1111000010101001,++++----+-+-+--+,0,28,1,/mnt/c/Users/rames102/Desktop/Gurobi_QP/one_equality/complete_random
precond_pen=0.800,16,-1.7255098681379968,59.10192928332398,0.8,2,0.06978988647460938,0.0,1111000010101001,++++----+-+-+--+,0,28,1,/mnt/c/Users/rames102/Desktop/Gurobi_QP/one_equality/complete_random
precond_pen=1.000,16,-1.353127898097001,59.10192928332398,1.0,2,0.07657098770141602,0.0,1111000010101001,++++----+-+-+--+,0,28,1,/mnt/c/Users/rames102/Desktop/Gurobi_QP/one_equality/complete_random
baseline,16,51.01969925600298,51.019699256003015,,2,0.1372208595275879,0.0,0101111110000010,-+-++++++-----+-,0,29,1,/mnt/c/Users/rames102/Desktop/Gurobi_QP/one_equality/complete_random
precond_pen=0.000,16,-0.5068804250299905,51.019699256003015,0.0,2,0.12090086936950684,0.0,0101111110000010,-+-++++++-----+-,0,29,1,/mnt/c/Users/rames102/Desktop/Gurobi_QP/one_equality/complete_random
precond_pen=0.200,16,-6.932232324904,51.019699256003015,0.2,2,0.04680180549621582,0.0,0101111110000010,-+-++++++-----+-,0,29,1,/mnt/c/Users/rames102/Desktop/Gurobi_QP/one_equality/complete_random
precond_pen=0.400,16,-5.023396903044001,51.019699256003015,0.4,2,0.01766490936279297,0.0,0101111110000010,-+-++++++-----+-,0,29,1,/mnt/c/Users/rames102/Desktop/Gurobi_QP/one_equality/complete_random
precond_pen=0.500,16,-3.1410221252180035,51.019699256003015,0.5,2,0.022494077682495117,0.0,0101111110000010,-+-++++++-----+-,0,29,1,/mnt/c/Users/rames102/Desktop/Gurobi_QP/one_equality/complete_random
precond_pen=0.600,16,-2.295779451487003,51.019699256003015,0.6,2,0.05431699752807617,0.0,0101111110000010,-+-++++++-----+-,0,29,1,/mnt/c/Users/rames102/Desktop/Gurobi_QP/one_equality/complete_random
precond_pen=0.700,16,-1.8504138174070004,51.019699256003015,0.7,2,0.06019186973571777,0.0,0101111110000010,-+-++++++-----+-,0,29,1,/mnt/c/Users/rames102/Desktop/Gurobi_QP/one_equality/complete_random
precond_pen=0.800,16,-1.5788284652529967,51.019699256003015,0.8,2,0.1278548240661621,0.0,0101111110000010,-+-++++++-----+-,0,29,1,/mnt/c/Users/rames102/Desktop/Gurobi_QP/one_equality/complete_random
precond_pen=1.000,16,-1.2649749027420025,51.019699256003015,1.0,2,0.1974639892578125,0.0,0101111110000010,-+-++++++-----+-,0,29,1,/mnt/c/Users/rames102/Desktop/Gurobi_QP/one_equality/complete_random
baseline,16,54.90713725593096,54.907137255931005,,2,0.1832280158996582,0.0,0101100010100111,-+-++---+-+--+++,0,30,1,/mnt/c/Users/rames102/Desktop/Gurobi_QP/one_equality/complete_random
precond_pen=0.000,16,-0.18496063411699026,54.907137255931005,0.0,2,0.14362406730651855,0.0,0101100010100111,-+-++---+-+--+++,0,30,1,/mnt/c/Users/rames102/Desktop/Gurobi_QP/one_equality/complete_random
precond_pen=0.200,16,-6.925855693771993,54.907137255931005,0.2,2,0.044914960861206055,0.0,0101100010100111,-+-++---+-+--+++,0,30,1,/mnt/c/Users/rames102/Desktop/Gurobi_QP/one_equality/complete_random
precond_pen=0.400,16,-5.577021616737002,54.907137255931005,0.4,2,0.019568920135498047,0.0,1010011101011000,+-+--+++-+-++---,0,30,1,/mnt/c/Users/rames102/Desktop/Gurobi_QP/one_equality/complete_random
precond_pen=0.500,16,-3.328206947301001,54.907137255931005,0.5,2,0.021474123001098633,0.0,0101100010100111,-+-++---+-+--+++,0,30,1,/mnt/c/Users/rames102/Desktop/Gurobi_QP/one_equality/complete_random
precond_pen=0.600,16,-2.375541544837999,54.907137255931005,0.6,2,0.0751039981842041,0.0,0101100010100111,-+-++---+-+--+++,0,30,1,/mnt/c/Users/rames102/Desktop/Gurobi_QP/one_equality/complete_random
precond_pen=0.700,16,-1.891829001023,54.907137255931005,0.7,2,0.1071779727935791,0.0,0101100010100111,-+-++---+-+--+++,0,30,1,/mnt/c/Users/rames102/Desktop/Gurobi_QP/one_equality/complete_random
precond_pen=0.800,16,-1.6029951501830046,54.907137255931005,0.8,2,0.15076899528503418,9.798949796374695e-05,0101100010100111,-+-++---+-+--+++,0,30,1,/mnt/c/Users/rames102/Desktop/Gurobi_QP/one_equality/complete_random
precond_pen=1.000,16,-1.2748098068979985,54.907137255931005,1.0,2,0.18015193939208984,0.0,0101100010100111,-+-++---+-+--+++,0,30,1,/mnt/c/Users/rames102/Desktop/Gurobi_QP/one_equality/complete_random
baseline,16,55.00379766133802,55.003797661338,,2,0.18813395500183105,0.0,0010110101110100,--+-++-+-+++-+--,0,31,1,/mnt/c/Users/rames102/Desktop/Gurobi_QP/one_equality/complete_random
precond_pen=0.000,16,0.49923056123098064,55.003797661338,0.0,2,0.17506098747253418,0.0,1101001010001011,++-+--+-+---+-++,0,31,1,/mnt/c/Users/rames102/Desktop/Gurobi_QP/one_equality/complete_random
precond_pen=0.200,16,-5.024832652339004,55.003797661338,0.2,2,0.10489702224731445,0.0,0010110101110100,--+-++-+-+++-+--,0,31,1,/mnt/c/Users/rames102/Desktop/Gurobi_QP/one_equality/complete_random
precond_pen=0.400,16,-4.384255660453,55.003797661338,0.4,2,0.05126309394836426,0.0,1101001010001011,++-+--+-+---+-++,0,31,1,/mnt/c/Users/rames102/Desktop/Gurobi_QP/one_equality/complete_random
precond_pen=0.500,16,-2.786939582182006,55.003797661338,0.5,2,0.055168867111206055,0.0,1101001010001011,++-+--+-+---+-++,0,31,1,/mnt/c/Users/rames102/Desktop/Gurobi_QP/one_equality/complete_random
precond_pen=0.600,16,-2.0481470681679976,55.003797661338,0.6,2,0.08210420608520508,0.0,1101001010001011,++-+--+-+---+-++,0,31,1,/mnt/c/Users/rames102/Desktop/Gurobi_QP/one_equality/complete_random
precond_pen=0.700,16,-1.6590142564800017,55.003797661338,0.7,2,0.16117596626281738,0.0,1101001010001011,++-+--+-+---+-++,0,31,1,/mnt/c/Users/rames102/Desktop/Gurobi_QP/one_equality/complete_random
precond_pen=0.800,16,-1.4226095260430034,55.003797661338,0.8,2,0.17333412170410156,0.0,0010110101110100,--+-++-+-+++-+--,0,31,1,/mnt/c/Users/rames102/Desktop/Gurobi_QP/one_equality/complete_random
precond_pen=1.000,16,-1.1505972361089993,55.003797661338,1.0,2,0.22387290000915527,0.0,1101001010001011,++-+--+-+---+-++,0,31,1,/mnt/c/Users/rames102/Desktop/Gurobi_QP/one_equality/complete_random
baseline,16,54.575011453616995,54.57501145361701,,2,0.1557331085205078,0.0,0101011010110100,-+-+-++-+-++-+--,0,32,1,/mnt/c/Users/rames102/Desktop/Gurobi_QP/one_equality/complete_random
precond_pen=0.000,16,-0.08245608850598529,54.57501145361701,0.0,2,0.12315201759338379,0.0,0101011010110100,-+-+-++-+-++-+--,0,32,1,/mnt/c/Users/rames102/Desktop/Gurobi_QP/one_equality/complete_random
precond_pen=0.200,16,-5.972451268893003,54.57501145361701,0.2,2,0.07534408569335938,0.0,0101011010110100,-+-+-++-+-++-+--,0,32,1,/mnt/c/Users/rames102/Desktop/Gurobi_QP/one_equality/complete_random
precond_pen=0.400,16,-4.7999388929530005,54.57501145361701,0.4,2,0.04629802703857422,0.0,1010100101001011,+-+-+--+-+--+-++,0,32,1,/mnt/c/Users/rames102/Desktop/Gurobi_QP/one_equality/complete_random
precond_pen=0.500,16,-2.9664551898359983,54.57501145361701,0.5,2,0.053383827209472656,0.0,1010100101001011,+-+-+--+-+--+-++,0,32,1,/mnt/c/Users/rames102/Desktop/Gurobi_QP/one_equality/complete_random
precond_pen=0.600,16,-2.1552703914050015,54.57501145361701,0.6,2,0.06622505187988281,0.0,1010100101001011,+-+-+--+-+--+-++,0,32,1,/mnt/c/Users/rames102/Desktop/Gurobi_QP/one_equality/complete_random
precond_pen=0.700,16,-1.735149707634002,54.57501145361701,0.7,2,0.10915303230285645,0.0,1010100101001011,+-+-+--+-+--+-++,0,32,1,/mnt/c/Users/rames102/Desktop/Gurobi_QP/one_equality/complete_random
precond_pen=0.800,16,-1.4816489196259983,54.57501145361701,0.8,2,0.1783430576324463,0.0,1010100101001011,+-+-+--+-+--+-++,0,32,1,/mnt/c/Users/rames102/Desktop/Gurobi_QP/one_equality/complete_random
precond_pen=1.000,16,-1.191260809930002,54.57501145361701,1.0,2,0.21872591972351074,0.0,1010100101001011,+-+-+--+-+--+-++,0,32,1,/mnt/c/Users/rames102/Desktop/Gurobi_QP/one_equality/complete_random
baseline,16,51.023124532018954,51.02312453201898,,2,0.1431739330291748,0.0,1101011101000100,++-+-+++-+---+--,0,33,1,/mnt/c/Users/rames102/Desktop/Gurobi_QP/one_equality/complete_random
precond_pen=0.000,16,-0.4776918209370109,51.08263394380502,0.0,2,0.11856794357299805,0.0,1111010001010100,++++-+---+-+-+--,0,33,1,/mnt/c/Users/rames102/Desktop/Gurobi_QP/one_equality/complete_random
precond_pen=0.200,16,-7.233533488304996,51.08263394380502,0.2,2,0.08299016952514648,0.0,0000101110101011,----+-+++-+-+-++,0,33,1,/mnt/c/Users/rames102/Desktop/Gurobi_QP/one_equality/complete_random
precond_pen=0.400,16,-4.845369214422999,51.02312453201898,0.4,2,0.040194034576416016,0.0,1101011101000100,++-+-+++-+---+--,0,33,1,/mnt/c/Users/rames102/Desktop/Gurobi_QP/one_equality/complete_random
precond_pen=0.500,16,-2.9882381180980016,51.02312453201898,0.5,2,0.03840303421020508,0.0,0010100010111011,--+-+---+-+++-++,0,33,1,/mnt/c/Users/rames102/Desktop/Gurobi_QP/one_equality/complete_random
precond_pen=0.600,16,-2.1918326853709997,51.02312453201898,0.6,2,0.07868814468383789,0.0,1101011101000100,++-+-+++-+---+--,0,33,1,/mnt/c/Users/rames102/Desktop/Gurobi_QP/one_equality/complete_random
precond_pen=0.700,16,-1.773847274346,51.02312453201898,0.7,2,0.10183501243591309,0.0,0010100010111011,--+-+---+-+++-++,0,33,1,/mnt/c/Users/rames102/Desktop/Gurobi_QP/one_equality/complete_random
precond_pen=0.800,16,-1.518422447132001,51.02312453201898,0.8,2,0.12260103225708008,0.0,0010100010111011,--+-+---+-+++-++,0,33,1,/mnt/c/Users/rames102/Desktop/Gurobi_QP/one_equality/complete_random
precond_pen=1.000,16,-1.2223393039529942,51.02312453201898,1.0,2,0.18441009521484375,0.0,0010100010111011,--+-+---+-+++-++,0,33,1,/mnt/c/Users/rames102/Desktop/Gurobi_QP/one_equality/complete_random
baseline,16,55.64204311779201,55.642043117792014,,2,0.14601707458496094,0.0,0101111000110010,-+-++++---++--+-,0,34,1,/mnt/c/Users/rames102/Desktop/Gurobi_QP/one_equality/complete_random
precond_pen=0.000,16,0.04199098320498962,56.60612046751804,0.0,2,0.1334240436553955,0.0,1010001111000101,+-+---++++---+-+,0,34,1,/mnt/c/Users/rames102/Desktop/Gurobi_QP/one_equality/complete_random
precond_pen=0.200,16,-6.104319175781003,55.642043117792014,0.2,2,0.0531160831451416,0.0,0101111000110010,-+-++++---++--+-,0,34,1,/mnt/c/Users/rames102/Desktop/Gurobi_QP/one_equality/complete_random
precond_pen=0.400,16,-5.517276917264003,55.642043117792014,0.4,2,0.031536102294921875,0.0,0101111000110010,-+-++++---++--+-,0,34,1,/mnt/c/Users/rames102/Desktop/Gurobi_QP/one_equality/complete_random
precond_pen=0.500,16,-3.3567291639349994,55.642043117792014,0.5,2,0.061018943786621094,0.0,0101111000110010,-+-++++---++--+-,0,34,1,/mnt/c/Users/rames102/Desktop/Gurobi_QP/one_equality/complete_random
precond_pen=0.600,16,-2.395161286475001,55.642043117792014,0.6,2,0.05565285682678223,0.0,0101111000110010,-+-++++---++--+-,0,34,1,/mnt/c/Users/rames102/Desktop/Gurobi_QP/one_equality/complete_random
precond_pen=0.700,16,-1.9049049848630046,55.642043117792014,0.7,2,0.06457018852233887,0.0,0101111000110010,-+-++++---++--+-,0,34,1,/mnt/c/Users/rames102/Desktop/Gurobi_QP/one_equality/complete_random
precond_pen=0.800,16,-1.6125608296399987,55.642043117792014,0.8,2,0.09389209747314453,0.0,1010000111001101,+-+----+++--++-+,0,34,1,/mnt/c/Users/rames102/Desktop/Gurobi_QP/one_equality/complete_random
precond_pen=1.000,16,-1.2810544408289957,55.642043117792014,1.0,2,0.1503140926361084,0.0,0101111000110010,-+-++++---++--+-,0,34,1,/mnt/c/Users/rames102/Desktop/Gurobi_QP/one_equality/complete_random
baseline,16,50.31991123860598,50.319911238606,,2,0.15225601196289062,0.0,1011000111110000,+-++---+++++----,0,35,1,/mnt/c/Users/rames102/Desktop/Gurobi_QP/one_equality/complete_random
precond_pen=0.000,16,-0.28653720669900196,50.319911238606,0.0,2,0.12770605087280273,0.0,1011000111110000,+-++---+++++----,0,35,1,/mnt/c/Users/rames102/Desktop/Gurobi_QP/one_equality/complete_random
precond_pen=0.200,16,-6.416346515401997,50.319911238606,0.2,2,0.04827308654785156,0.0,1011000111110000,+-++---+++++----,0,35,1,/mnt/c/Users/rames102/Desktop/Gurobi_QP/one_equality/complete_random
precond_pen=0.400,16,-4.672493681243002,50.319911238606,0.4,2,0.01901412010192871,0.0,0100111000001111,-+--+++-----++++,0,35,1,/mnt/c/Users/rames102/Desktop/Gurobi_QP/one_equality/complete_random
precond_pen=0.500,16,-2.9668313699640017,50.319911238606,0.5,2,0.029875993728637695,0.0,0100111000001111,-+--+++-----++++,0,35,1,/mnt/c/Users/rames102/Desktop/Gurobi_QP/one_equality/complete_random
precond_pen=0.600,16,-2.1878492437209998,50.319911238606,0.6,2,0.06781387329101562,0.0,0100111000001111,-+--+++-----++++,0,35,1,/mnt/c/Users/rames102/Desktop/Gurobi_QP/one_equality/complete_random
precond_pen=0.700,16,-1.773137020646998,50.319911238606,0.7,2,0.07049393653869629,0.0,0100111000001111,-+--+++-----++++,0,35,1,/mnt/c/Users/rames102/Desktop/Gurobi_QP/one_equality/complete_random
precond_pen=0.800,16,-1.5187112575119999,50.319911238606,0.8,2,0.13248395919799805,0.0,0100111000001111,-+--+++-----++++,0,35,1,/mnt/c/Users/rames102/Desktop/Gurobi_QP/one_equality/complete_random
precond_pen=1.000,16,-1.2232655555559981,50.319911238606,1.0,2,0.2171618938446045,0.0,1011000111110000,+-++---+++++----,0,35,1,/mnt/c/Users/rames102/Desktop/Gurobi_QP/one_equality/complete_random
baseline,16,49.03036796241597,49.030367962415966,,2,0.1468949317932129,0.0,1001110000001111,+--+++------++++,0,36,1,/mnt/c/Users/rames102/Desktop/Gurobi_QP/one_equality/complete_random
precond_pen=0.000,16,-0.49688350811898374,49.030367962415966,0.0,2,0.1250920295715332,0.0,1001110000001111,+--+++------++++,0,36,1,/mnt/c/Users/rames102/Desktop/Gurobi_QP/one_equality/complete_random
precond_pen=0.200,16,-7.232146904651999,49.030367962415966,0.2,2,0.03707289695739746,0.0,1001110000001111,+--+++------++++,0,36,1,/mnt/c/Users/rames102/Desktop/Gurobi_QP/one_equality/complete_random
precond_pen=0.400,16,-4.547181771612004,49.030367962415966,0.4,2,0.020419836044311523,0.0,0110001111110000,-++---++++++----,0,36,1,/mnt/c/Users/rames102/Desktop/Gurobi_QP/one_equality/complete_random
precond_pen=0.500,16,-2.9076596074609995,49.030367962415966,0.5,2,0.031286001205444336,0.0,0110001111110000,-++---++++++----,0,36,1,/mnt/c/Users/rames102/Desktop/Gurobi_QP/one_equality/complete_random
precond_pen=0.600,16,-2.1712718149870023,49.030367962415966,0.6,2,0.06622004508972168,0.0,0110001111110000,-++---++++++----,0,36,1,/mnt/c/Users/rames102/Desktop/Gurobi_QP/one_equality/complete_random
precond_pen=0.700,16,-1.772898768215998,49.030367962415966,0.7,2,0.09728097915649414,0.0,1001110000001111,+--+++------++++,0,36,1,/mnt/c/Users/rames102/Desktop/Gurobi_QP/one_equality/complete_random
precond_pen=0.800,16,-1.5250672542229946,49.030367962415966,0.8,2,0.13202381134033203,2.0853741310646056e-05,0110001111110000,-++---++++++----,0,36,1,/mnt/c/Users/rames102/Desktop/Gurobi_QP/one_equality/complete_random
precond_pen=1.000,16,-1.2334693837690027,49.030367962415966,1.0,2,0.18460988998413086,0.0,0110001111110000,-++---++++++----,0,36,1,/mnt/c/Users/rames102/Desktop/Gurobi_QP/one_equality/complete_random
baseline,16,50.27446762025803,50.274467620257944,,2,0.20749592781066895,0.0,1110110100100001,+++-++-+--+----+,0,37,1,/mnt/c/Users/rames102/Desktop/Gurobi_QP/one_equality/complete_random
precond_pen=0.000,16,0.1027717030559856,51.85976159846202,0.0,2,0.17712807655334473,0.0,1010011100000111,+-+--+++-----+++,0,37,1,/mnt/c/Users/rames102/Desktop/Gurobi_QP/one_equality/complete_random
precond_pen=0.200,16,-5.494292129320999,50.274467620257944,0.2,2,0.09776806831359863,0.0,1110110100100001,+++-++-+--+----+,0,37,1,/mnt/c/Users/rames102/Desktop/Gurobi_QP/one_equality/complete_random
precond_pen=0.400,16,-3.9815987851530013,50.274467620257944,0.4,2,0.037580013275146484,0.0,0001001011011110,---+--+-++-++++-,0,37,1,/mnt/c/Users/rames102/Desktop/Gurobi_QP/one_equality/complete_random
precond_pen=0.500,16,-2.599012103886995,50.274467620257944,0.5,2,0.0954439640045166,0.0,0001001011011110,---+--+-++-++++-,0,37,1,/mnt/c/Users/rames102/Desktop/Gurobi_QP/one_equality/complete_random
precond_pen=0.600,16,-1.9550715668760015,50.274467620257944,0.6,2,0.14188814163208008,0.0,1110110100100001,+++-++-+--+----+,0,37,1,/mnt/c/Users/rames102/Desktop/Gurobi_QP/one_equality/complete_random
precond_pen=0.700,16,-1.605353230704,50.274467620257944,0.7,2,0.17093992233276367,0.0,0001001011011110,---+--+-++-++++-,0,37,1,/mnt/c/Users/rames102/Desktop/Gurobi_QP/one_equality/complete_random
precond_pen=0.800,16,-1.388042675886,50.274467620257944,0.8,2,0.1831498146057129,0.0,0001001011011110,---+--+-++-++++-,0,37,1,/mnt/c/Users/rames102/Desktop/Gurobi_QP/one_equality/complete_random
precond_pen=1.000,16,-1.1329250768440016,50.274467620257944,1.0,2,0.1952669620513916,0.0,1110110100100001,+++-++-+--+----+,0,37,1,/mnt/c/Users/rames102/Desktop/Gurobi_QP/one_equality/complete_random
baseline,16,48.92007484624299,48.920074846243,,2,0.16372895240783691,0.0,1001010011100011,+--+-+--+++---++,0,38,1,/mnt/c/Users/rames102/Desktop/Gurobi_QP/one_equality/complete_random
precond_pen=0.000,16,-0.1674975387609905,49.16555690490701,0.0,2,0.15717697143554688,0.0,1101011011000010,++-+-++-++----+-,0,38,1,/mnt/c/Users/rames102/Desktop/Gurobi_QP/one_equality/complete_random
precond_pen=0.200,16,-6.268897775984001,49.16555690490701,0.2,2,0.057290077209472656,0.0,0010100100111101,--+-+--+--++++-+,0,38,1,/mnt/c/Users/rames102/Desktop/Gurobi_QP/one_equality/complete_random
precond_pen=0.400,16,-3.9300968452580065,49.137993088316975,0.4,2,0.07592296600341797,0.0,0110100100011101,-++-+--+---+++-+,0,38,1,/mnt/c/Users/rames102/Desktop/Gurobi_QP/one_equality/complete_random
precond_pen=0.500,16,-2.5625211654339966,48.920074846243,0.5,2,0.12159109115600586,0.0,0110101100011100,-++-+-++---+++--,0,38,1,/mnt/c/Users/rames102/Desktop/Gurobi_QP/one_equality/complete_random
precond_pen=0.600,16,-1.9376051033220056,48.920074846243,0.6,2,0.11658906936645508,0.0,1001010011100011,+--+-+--+++---++,0,38,1,/mnt/c/Users/rames102/Desktop/Gurobi_QP/one_equality/complete_random
precond_pen=0.700,16,-1.5965023676999985,48.920074846243,0.7,2,0.177962064743042,0.0,0110101100011100,-++-+-++---+++--,0,38,1,/mnt/c/Users/rames102/Desktop/Gurobi_QP/one_equality/complete_random
precond_pen=0.800,16,-1.3833771280789993,48.920074846243,0.8,2,0.21012496948242188,0.0,0110101100011100,-++-+-++---+++--,0,38,1,/mnt/c/Users/rames102/Desktop/Gurobi_QP/one_equality/complete_random
precond_pen=1.000,16,-1.1317606881520001,48.920074846243,1.0,2,0.2378380298614502,0.0,0110101100011100,-++-+-++---+++--,0,38,1,/mnt/c/Users/rames102/Desktop/Gurobi_QP/one_equality/complete_random
baseline,16,52.73576775703898,52.735767757039,,2,0.15472888946533203,0.0,1000011011010011,+----++-++-+--++,0,39,1,/mnt/c/Users/rames102/Desktop/Gurobi_QP/one_equality/complete_random
precond_pen=0.000,16,-0.13713525356895673,52.735767757039,0.0,2,0.12445211410522461,0.0,0111100100101100,-++++--+--+-++--,0,39,1,/mnt/c/Users/rames102/Desktop/Gurobi_QP/one_equality/complete_random
precond_pen=0.200,16,-6.473826179535,52.735767757039,0.2,2,0.04053616523742676,0.0,1000011011010011,+----++-++-+--++,0,39,1,/mnt/c/Users/rames102/Desktop/Gurobi_QP/one_equality/complete_random
precond_pen=0.400,16,-5.143029622754998,52.735767757039,0.4,2,0.01816701889038086,2.9900234546287115e-05,1000011011010011,+----++-++-+--++,0,39,1,/mnt/c/Users/rames102/Desktop/Gurobi_QP/one_equality/complete_random
precond_pen=0.500,16,-3.1787243386289967,52.735767757039,0.5,2,0.024409055709838867,6.53958583594131e-06,1000011011010011,+----++-++-+--++,0,39,1,/mnt/c/Users/rames102/Desktop/Gurobi_QP/one_equality/complete_random
precond_pen=0.600,16,-2.3091424475479947,52.735767757039,0.6,2,0.031199932098388672,0.0,1000011011010011,+----++-++-+--++,0,39,1,/mnt/c/Users/rames102/Desktop/Gurobi_QP/one_equality/complete_random
precond_pen=0.700,16,-1.8556411903199965,52.735767757039,0.7,2,0.11426615715026855,0.0,1000011011010011,+----++-++-+--++,0,39,1,/mnt/c/Users/rames102/Desktop/Gurobi_QP/one_equality/complete_random
precond_pen=0.800,16,-1.5807030368489956,52.735767757039,0.8,2,0.1805269718170166,0.0,1000011011010011,+----++-++-+--++,0,39,1,/mnt/c/Users/rames102/Desktop/Gurobi_QP/one_equality/complete_random
precond_pen=1.000,16,-1.2644363915739953,52.735767757039,1.0,2,0.17572689056396484,0.0,1000011011010011,+----++-++-+--++,0,39,1,/mnt/c/Users/rames102/Desktop/Gurobi_QP/one_equality/complete_random
baseline,16,48.87813361798696,48.878133617987075,,2,0.13598418235778809,0.0,1111010100100100,++++-+-+--+--+--,0,40,1,/mnt/c/Users/rames102/Desktop/Gurobi_QP/one_equality/complete_random
precond_pen=0.000,16,-0.9100668254939848,49.47847850543907,0.0,2,0.10990095138549805,0.0,0010100011011011,--+-+---++-++-++,0,40,1,/mnt/c/Users/rames102/Desktop/Gurobi_QP/one_equality/complete_random
precond_pen=0.200,16,-8.009456597167002,49.47847850543907,0.2,2,0.023123979568481445,0.0,1101011100100100,++-+-+++--+--+--,0,40,1,/mnt/c/Users/rames102/Desktop/Gurobi_QP/one_equality/complete_random
precond_pen=0.400,16,-4.621674487290001,48.878133617987075,0.4,2,0.035182952880859375,0.0,1111010100100100,++++-+-+--+--+--,0,40,1,/mnt/c/Users/rames102/Desktop/Gurobi_QP/one_equality/complete_random
precond_pen=0.500,16,-2.924866541781004,48.878133617987075,0.5,2,0.03534293174743652,0.0,0000101011011011,----+-+-++-++-++,0,40,1,/mnt/c/Users/rames102/Desktop/Gurobi_QP/one_equality/complete_random
precond_pen=0.600,16,-2.1741319314280023,48.878133617987075,0.6,2,0.07916498184204102,0.0,0000101011011011,----+-+-++-++-++,0,40,1,/mnt/c/Users/rames102/Desktop/Gurobi_QP/one_equality/complete_random
precond_pen=0.700,16,-1.7709537076050017,48.878133617987075,0.7,2,0.08603096008300781,0.0,0000101011011011,----+-+-++-++-++,0,40,1,/mnt/c/Users/rames102/Desktop/Gurobi_QP/one_equality/complete_random
precond_pen=0.800,16,-1.5212175990400025,48.878133617987075,0.8,2,0.11372804641723633,0.0,0000101011011011,----+-+-++-++-++,0,40,1,/mnt/c/Users/rames102/Desktop/Gurobi_QP/one_equality/complete_random
precond_pen=1.000,16,-1.2285297865060025,48.878133617987075,1.0,2,0.18954086303710938,0.0,0000101011011011,----+-+-++-++-++,0,40,1,/mnt/c/Users/rames102/Desktop/Gurobi_QP/one_equality/complete_random
baseline,16,58.82524293108496,58.825242931084986,,2,0.1586170196533203,0.0,0000011101110101,-----+++-+++-+-+,0,41,1,/mnt/c/Users/rames102/Desktop/Gurobi_QP/one_equality/complete_random
precond_pen=0.000,16,0.27669975756101906,58.825242931084986,0.0,2,0.13453984260559082,0.0,1111100010001010,+++++---+---+-+-,0,41,1,/mnt/c/Users/rames102/Desktop/Gurobi_QP/one_equality/complete_random
precond_pen=0.200,16,-5.8765996946460035,58.825242931084986,0.2,2,0.10664510726928711,0.0,0000011101110101,-----+++-+++-+-+,0,41,1,/mnt/c/Users/rames102/Desktop/Gurobi_QP/one_equality/complete_random
precond_pen=0.400,16,-5.4890015862090005,58.855559447326975,0.4,2,0.04643106460571289,0.0,0001011100110101,---+-+++--++-+-+,0,41,1,/mnt/c/Users/rames102/Desktop/Gurobi_QP/one_equality/complete_random
precond_pen=0.500,16,-3.3104676654220047,58.855559447326975,0.5,2,0.06165003776550293,0.0,1110100011001010,+++-+---++--+-+-,0,41,1,/mnt/c/Users/rames102/Desktop/Gurobi_QP/one_equality/complete_random
precond_pen=0.600,16,-2.3427171723230025,58.855559447326975,0.6,2,0.06592082977294922,0.0,1110100011001010,+++-+---++--+-+-,0,41,1,/mnt/c/Users/rames102/Desktop/Gurobi_QP/one_equality/complete_random
precond_pen=0.700,16,-1.856912082375997,58.855559447326975,0.7,2,0.08768486976623535,0.0,0001011100110101,---+-+++--++-+-+,0,41,1,/mnt/c/Users/rames102/Desktop/Gurobi_QP/one_equality/complete_random
precond_pen=0.800,16,-1.5701806638250027,58.855559447326975,0.8,2,0.16030311584472656,0.0,0001011100110101,---+-+++--++-+-+,0,41,1,/mnt/c/Users/rames102/Desktop/Gurobi_QP/one_equality/complete_random
precond_pen=1.000,16,-1.2483789965800005,58.825242931084986,1.0,2,0.22111296653747559,0.0,1111100010001010,+++++---+---+-+-,0,41,1,/mnt/c/Users/rames102/Desktop/Gurobi_QP/one_equality/complete_random
baseline,16,53.508881400785995,53.50888140078601,,2,0.1723160743713379,0.0,1100001011111000,++----+-+++++---,0,42,1,/mnt/c/Users/rames102/Desktop/Gurobi_QP/one_equality/complete_random
precond_pen=0.000,16,-0.15702602047000624,54.33266577087197,0.0,2,0.15263915061950684,0.0,0100001001111011,-+----+--++++-++,0,42,1,/mnt/c/Users/rames102/Desktop/Gurobi_QP/one_equality/complete_random
precond_pen=0.200,16,-6.840583950556001,53.57847540413398,0.2,2,0.055239200592041016,0.0,1010110010001110,+-+-++--+---+++-,0,42,1,/mnt/c/Users/rames102/Desktop/Gurobi_QP/one_equality/complete_random
precond_pen=0.400,16,-4.797111600935997,53.57847540413398,0.4,2,0.0848989486694336,0.0,0101001101110001,-+-+--++-+++---+,0,42,1,/mnt/c/Users/rames102/Desktop/Gurobi_QP/one_equality/complete_random
precond_pen=0.500,16,-2.920519929123996,53.57847540413398,0.5,2,0.05980706214904785,0.0,0101001101110001,-+-+--++-+++---+,0,42,1,/mnt/c/Users/rames102/Desktop/Gurobi_QP/one_equality/complete_random
precond_pen=0.600,16,-2.127837264211001,53.50888140078601,0.6,2,0.08654189109802246,0.0,1100001011111000,++----+-+++++---,0,42,1,/mnt/c/Users/rames102/Desktop/Gurobi_QP/one_equality/complete_random
precond_pen=0.700,16,-1.720374035801001,53.50888140078601,0.7,2,0.1071779727935791,3.306939003494724e-05,0011110100000111,--++++-+-----+++,0,42,1,/mnt/c/Users/rames102/Desktop/Gurobi_QP/one_equality/complete_random
precond_pen=0.800,16,-1.4732757868729944,53.50888140078601,0.8,2,0.19550681114196777,0.0,1100001011111000,++----+-+++++---,0,42,1,/mnt/c/Users/rames102/Desktop/Gurobi_QP/one_equality/complete_random
precond_pen=1.000,16,-1.1884682564999967,53.50888140078601,1.0,2,0.23508405685424805,0.0,1100001011111000,++----+-+++++---,0,42,1,/mnt/c/Users/rames102/Desktop/Gurobi_QP/one_equality/complete_random
baseline,16,56.31625406638999,56.31625406639001,,2,0.14274215698242188,0.0,1100101100110010,++--+-++--++--+-,0,43,1,/mnt/c/Users/rames102/Desktop/Gurobi_QP/one_equality/complete_random
precond_pen=0.000,16,0.0987911253300311,57.207553924410014,0.0,2,0.1393442153930664,0.0,1110101100110000,+++-+-++--++----,0,43,1,/mnt/c/Users/rames102/Desktop/Gurobi_QP/one_equality/complete_random
precond_pen=0.200,16,-6.129089814928005,56.31625406639001,0.2,2,0.11796283721923828,0.0,0011010011001101,--++-+--++--++-+,0,43,1,/mnt/c/Users/rames102/Desktop/Gurobi_QP/one_equality/complete_random
precond_pen=0.400,16,-5.122002997170002,57.33982028307204,0.4,2,0.05042099952697754,0.0,0000011011001111,-----++-++--++++,0,43,1,/mnt/c/Users/rames102/Desktop/Gurobi_QP/one_equality/complete_random
precond_pen=0.500,16,-3.0976295096259996,56.31625406639001,0.5,2,0.04783797264099121,0.0,1100101100110010,++--+-++--++--+-,0,43,1,/mnt/c/Users/rames102/Desktop/Gurobi_QP/one_equality/complete_random
precond_pen=0.600,16,-2.2337996703660012,56.31625406639001,0.6,2,0.06331801414489746,0.0,0011010011001101,--++-+--++--++-+,0,43,1,/mnt/c/Users/rames102/Desktop/Gurobi_QP/one_equality/complete_random
precond_pen=0.700,16,-1.790982373272998,56.31625406639001,0.7,2,0.06463122367858887,0.0,1100101100110010,++--+-++--++--+-,0,43,1,/mnt/c/Users/rames102/Desktop/Gurobi_QP/one_equality/complete_random
precond_pen=0.800,16,-1.5249503668480004,56.31625406639001,0.8,2,0.11509394645690918,0.0,0011010011001101,--++-+--++--++-+,0,43,1,/mnt/c/Users/rames102/Desktop/Gurobi_QP/one_equality/complete_random
precond_pen=1.000,16,-1.2210517852919942,56.31625406639001,1.0,2,0.12063217163085938,8.463454936927887e-05,0011010011001101,--++-+--++--++-+,0,43,1,/mnt/c/Users/rames102/Desktop/Gurobi_QP/one_equality/complete_random
baseline,16,53.15022057514402,53.150220575143976,,2,0.1323239803314209,0.0,0101010111100100,-+-+-+-++++--+--,0,44,1,/mnt/c/Users/rames102/Desktop/Gurobi_QP/one_equality/complete_random
precond_pen=0.000,16,-1.0149135284079875,53.616019821768006,0.0,2,0.0987398624420166,0.0,1010001001111010,+-+---+--++++-+-,0,44,1,/mnt/c/Users/rames102/Desktop/Gurobi_QP/one_equality/complete_random
precond_pen=0.200,16,-8.071962174219005,53.616019821768006,0.2,2,0.038984060287475586,0.0,1010001001111010,+-+---+--++++-+-,0,44,1,/mnt/c/Users/rames102/Desktop/Gurobi_QP/one_equality/complete_random
precond_pen=0.400,16,-6.449141225260999,53.150220575143976,0.4,2,0.05752706527709961,0.0,0101010111100100,-+-+-+-++++--+--,0,44,1,/mnt/c/Users/rames102/Desktop/Gurobi_QP/one_equality/complete_random
precond_pen=0.500,16,-3.769660090548001,53.150220575143976,0.5,2,0.03634309768676758,2.026913466018471e-05,1010101000011011,+-+-+-+----++-++,0,44,1,/mnt/c/Users/rames102/Desktop/Gurobi_QP/one_equality/complete_random
precond_pen=0.600,16,-2.6528265629030034,53.150220575143976,0.6,2,0.03741598129272461,0.0,1010101000011011,+-+-+-+----++-++,0,44,1,/mnt/c/Users/rames102/Desktop/Gurobi_QP/one_equality/complete_random
precond_pen=0.700,16,-2.09329607729,53.150220575143976,0.7,2,0.07765388488769531,0.0,0101010111100100,-+-+-+-++++--+--,0,44,1,/mnt/c/Users/rames102/Desktop/Gurobi_QP/one_equality/complete_random
precond_pen=0.800,16,-1.7615284108259983,53.150220575143976,0.8,2,0.09886288642883301,0.0,0101010111100100,-+-+-+-++++--+--,0,44,1,/mnt/c/Users/rames102/Desktop/Gurobi_QP/one_equality/complete_random
precond_pen=1.000,16,-1.3864262849170013,53.150220575143976,1.0,2,0.13907098770141602,0.0,0101010111100100,-+-+-+-++++--+--,0,44,1,/mnt/c/Users/rames102/Desktop/Gurobi_QP/one_equality/complete_random
baseline,16,52.970173795464014,52.970173795463964,,2,0.16187715530395508,0.0,1010101110001001,+-+-+-+++---+--+,0,45,1,/mnt/c/Users/rames102/Desktop/Gurobi_QP/one_equality/complete_random
precond_pen=0.000,16,0.31597636532099216,53.321138676582024,0.0,2,0.15290307998657227,0.0,0001010111110010,---+-+-+++++--+-,0,45,1,/mnt/c/Users/rames102/Desktop/Gurobi_QP/one_equality/complete_random
precond_pen=0.200,16,-5.819810257468,53.321138676582024,0.2,2,0.07128000259399414,0.0,1110101000001101,+++-+-+-----++-+,0,45,1,/mnt/c/Users/rames102/Desktop/Gurobi_QP/one_equality/complete_random
precond_pen=0.400,16,-4.34764524764,52.970173795463964,0.4,2,0.05140399932861328,0.0,1010101110001001,+-+-+-+++---+--+,0,45,1,/mnt/c/Users/rames102/Desktop/Gurobi_QP/one_equality/complete_random
precond_pen=0.500,16,-2.729488225466998,52.970173795463964,0.5,2,0.05296778678894043,0.0,1010101110001001,+-+-+-+++---+--+,0,45,1,/mnt/c/Users/rames102/Desktop/Gurobi_QP/one_equality/complete_random
precond_pen=0.600,16,-2.020324863754997,52.970173795463964,0.6,2,0.10604691505432129,0.0,1010101110001001,+-+-+-+++---+--+,0,45,1,/mnt/c/Users/rames102/Desktop/Gurobi_QP/one_equality/complete_random
precond_pen=0.700,16,-1.6455870174679976,52.970173795463964,0.7,2,0.16182494163513184,0.0,1010101110001001,+-+-+-+++---+--+,0,45,1,/mnt/c/Users/rames102/Desktop/Gurobi_QP/one_equality/complete_random
precond_pen=0.800,16,-1.4159075324690003,52.970173795463964,0.8,2,0.21236395835876465,0.0,1010101110001001,+-+-+-+++---+--+,0,45,1,/mnt/c/Users/rames102/Desktop/Gurobi_QP/one_equality/complete_random
precond_pen=1.000,16,-1.1490991870360032,52.970173795463964,1.0,2,0.2608950138092041,0.0,1010101110001001,+-+-+-+++---+--+,0,45,1,/mnt/c/Users/rames102/Desktop/Gurobi_QP/one_equality/complete_random
baseline,16,51.191062953102005,51.191062953101955,,2,0.1549839973449707,0.0,0011101101011000,--+++-++-+-++---,0,46,1,/mnt/c/Users/rames102/Desktop/Gurobi_QP/one_equality/complete_random
precond_pen=0.000,16,0.3288518590500047,51.191062953101955,0.0,2,0.12574386596679688,0.0,0011101101011000,--+++-++-+-++---,0,46,1,/mnt/c/Users/rames102/Desktop/Gurobi_QP/one_equality/complete_random
precond_pen=0.200,16,-5.882924743468997,51.191062953101955,0.2,2,0.0531160831451416,0.0,1100010010100111,++---+--+-+--+++,0,46,1,/mnt/c/Users/rames102/Desktop/Gurobi_QP/one_equality/complete_random
precond_pen=0.400,16,-4.145327974926,51.191062953101955,0.4,2,0.03432106971740723,0.0,1100010010100111,++---+--+-+--+++,0,46,1,/mnt/c/Users/rames102/Desktop/Gurobi_QP/one_equality/complete_random
precond_pen=0.500,16,-2.646630787363998,51.191062953101955,0.5,2,0.06785988807678223,0.0,0011101101011000,--+++-++-+-++---,0,46,1,/mnt/c/Users/rames102/Desktop/Gurobi_QP/one_equality/complete_random
precond_pen=0.600,16,-1.9777939582830006,51.191062953101955,0.6,2,0.09076309204101562,0.0,0011101101011000,--+++-++-+-++---,0,46,1,/mnt/c/Users/rames102/Desktop/Gurobi_QP/one_equality/complete_random
precond_pen=0.700,16,-1.619462457672996,51.191062953101955,0.7,2,0.16618704795837402,0.0,1100010010100111,++---+--+-+--+++,0,46,1,/mnt/c/Users/rames102/Desktop/Gurobi_QP/one_equality/complete_random
precond_pen=0.800,16,-1.3979983630570052,51.191062953101955,0.8,2,0.1824629306793213,0.0,1100010010100111,++---+--+-+--+++,0,46,1,/mnt/c/Users/rames102/Desktop/Gurobi_QP/one_equality/complete_random
precond_pen=1.000,16,-1.1389049919079985,51.191062953101955,1.0,2,0.20490622520446777,0.0,1100010010100111,++---+--+-+--+++,0,46,1,/mnt/c/Users/rames102/Desktop/Gurobi_QP/one_equality/complete_random
baseline,16,57.55010545807403,57.550105458073986,,2,0.16963791847229004,0.0,1011010011000011,+-++-+--++----++,0,47,1,/mnt/c/Users/rames102/Desktop/Gurobi_QP/one_equality/complete_random
precond_pen=0.000,16,0.27893598242500417,57.550105458073986,0.0,2,0.12961196899414062,0.0,1011010011000011,+-++-+--++----++,0,47,1,/mnt/c/Users/rames102/Desktop/Gurobi_QP/one_equality/complete_random
precond_pen=0.200,16,-5.673006102676,57.550105458073986,0.2,2,0.09336018562316895,0.0,1011010011000011,+-++-+--++----++,0,47,1,/mnt/c/Users/rames102/Desktop/Gurobi_QP/one_equality/complete_random
precond_pen=0.400,16,-5.408459774365998,57.550105458073986,0.4,2,0.02318596839904785,0.0,1011010011000011,+-++-+--++----++,0,47,1,/mnt/c/Users/rames102/Desktop/Gurobi_QP/one_equality/complete_random
precond_pen=0.500,16,-3.2990259349740034,57.550105458073986,0.5,2,0.03206014633178711,0.0,1011010011000011,+-++-+--++----++,0,47,1,/mnt/c/Users/rames102/Desktop/Gurobi_QP/one_equality/complete_random
precond_pen=0.600,16,-2.361169216003999,57.550105458073986,0.6,2,0.06866002082824707,0.0,1011010011000011,+-++-+--++----++,0,47,1,/mnt/c/Users/rames102/Desktop/Gurobi_QP/one_equality/complete_random
precond_pen=0.700,16,-1.8819826669039967,57.550105458073986,0.7,2,0.10311102867126465,0.0,1011010011000011,+-++-+--++----++,0,47,1,/mnt/c/Users/rames102/Desktop/Gurobi_QP/one_equality/complete_random
precond_pen=0.800,16,-1.5954250299980028,57.550105458073986,0.8,2,0.13822388648986816,0.0,1011010011000011,+-++-+--++----++,0,47,1,/mnt/c/Users/rames102/Desktop/Gurobi_QP/one_equality/complete_random
precond_pen=1.000,16,-1.2695945607310035,57.550105458073986,1.0,2,0.1960768699645996,0.0,1011010011000011,+-++-+--++----++,0,47,1,/mnt/c/Users/rames102/Desktop/Gurobi_QP/one_equality/complete_random
baseline,16,52.835734203405984,52.835734203406,,2,0.16522884368896484,0.0,1001001101000111,+--+--++-+---+++,0,48,1,/mnt/c/Users/rames102/Desktop/Gurobi_QP/one_equality/complete_random
precond_pen=0.000,16,-0.15757541021497445,53.616922986814,0.0,2,0.18320894241333008,0.0,1110101011001000,+++-+-+-++--+---,0,48,1,/mnt/c/Users/rames102/Desktop/Gurobi_QP/one_equality/complete_random
precond_pen=0.200,16,-6.404228111208,52.835734203406,0.2,2,0.08308291435241699,0.0,1001001101000111,+--+--++-+---+++,0,48,1,/mnt/c/Users/rames102/Desktop/Gurobi_QP/one_equality/complete_random
precond_pen=0.400,16,-4.806976006272,52.835734203406,0.4,2,0.04586505889892578,0.0,1001001101000111,+--+--++-+---+++,0,48,1,/mnt/c/Users/rames102/Desktop/Gurobi_QP/one_equality/complete_random
precond_pen=0.500,16,-3.0051469197329963,52.835734203406,0.5,2,0.10011601448059082,0.0,1001001101000111,+--+--++-+---+++,0,48,1,/mnt/c/Users/rames102/Desktop/Gurobi_QP/one_equality/complete_random
precond_pen=0.600,16,-2.1978373525559993,52.835734203406,0.6,2,0.07103395462036133,0.0,1001001101000111,+--+--++-+---+++,0,48,1,/mnt/c/Users/rames102/Desktop/Gurobi_QP/one_equality/complete_random
precond_pen=0.700,16,-1.7743704025549993,52.835734203406,0.7,2,0.09957504272460938,3.564997697973423e-05,1001001101000111,+--+--++-+---+++,0,48,1,/mnt/c/Users/rames102/Desktop/Gurobi_QP/one_equality/complete_random
precond_pen=0.800,16,-1.5168607268790009,52.835734203406,0.8,2,0.1933748722076416,2.5123297957443278e-05,0110110010111000,-++-++--+-+++---,0,48,1,/mnt/c/Users/rames102/Desktop/Gurobi_QP/one_equality/complete_random
precond_pen=1.000,16,-1.2198712715840045,52.835734203406,1.0,2,0.20931386947631836,0.0,0110110010111000,-++-++--+-+++---,0,48,1,/mnt/c/Users/rames102/Desktop/Gurobi_QP/one_equality/complete_random
baseline,16,52.93206856060904,52.932068560609004,,2,0.14936494827270508,0.0,1100010100010111,++---+-+---+-+++,0,49,1,/mnt/c/Users/rames102/Desktop/Gurobi_QP/one_equality/complete_random
precond_pen=0.000,16,-0.6732175996459873,52.932068560609004,0.0,2,0.13159990310668945,0.0,1100010100010111,++---+-+---+-+++,0,49,1,/mnt/c/Users/rames102/Desktop/Gurobi_QP/one_equality/complete_random
precond_pen=0.200,16,-7.284143457106995,52.932068560609004,0.2,2,0.04938387870788574,0.0,0011101011101000,--+++-+-+++-+---,0,49,1,/mnt/c/Users/rames102/Desktop/Gurobi_QP/one_equality/complete_random
precond_pen=0.400,16,-5.322083570834999,52.932068560609004,0.4,2,0.043602943420410156,0.0,1100010100010111,++---+-+---+-+++,0,49,1,/mnt/c/Users/rames102/Desktop/Gurobi_QP/one_equality/complete_random
precond_pen=0.500,16,-3.2363797893500044,52.932068560609004,0.5,2,0.031010150909423828,0.0,1100010100010111,++---+-+---+-+++,0,49,1,/mnt/c/Users/rames102/Desktop/Gurobi_QP/one_equality/complete_random
precond_pen=0.600,16,-2.3327336129010012,52.932068560609004,0.6,2,0.04369306564331055,0.0,1100010100010111,++---+-+---+-+++,0,49,1,/mnt/c/Users/rames102/Desktop/Gurobi_QP/one_equality/complete_random
precond_pen=0.700,16,-1.8673727653729992,52.932068560609004,0.7,2,0.09220504760742188,0.0,1100010100010111,++---+-+---+-+++,0,49,1,/mnt/c/Users/rames102/Desktop/Gurobi_QP/one_equality/complete_random
precond_pen=0.800,16,-1.5872076185619992,52.932068560609004,0.8,2,0.10138416290283203,0.0,1100010100010111,++---+-+---+-+++,0,49,1,/mnt/c/Users/rames102/Desktop/Gurobi_QP/one_equality/complete_random
precond_pen=1.000,16,-1.2667009874700028,52.932068560609004,1.0,2,0.22317719459533691,0.0,1100010100010111,++---+-+---+-+++,0,49,1,/mnt/c/Users/rames102/Desktop/Gurobi_QP/one_equality/complete_random
